1,2,3,4,5,6,7,8,9,10,11,12,13,14,15,16,17,18,19,20,21,22,23,24,25,26,27,28,29,30,31,32,33,34,35,36,37,38,39,40,41,42,43,44,45,46,47,48,49,50,51,52,53,54,55,56,57,58,59,60,61,62,63,64,65,66,67,68,69,
1,0,0,1,0,2,0,0,1,1,1,1,1,1,0,1,0,0,1,1,0,0,1,1,0,0,0,0,1,0,1,1,1,0,0,0,0,0,1,0,0,1,0,0,0,0,1,0,1,0,1,0,1,0,1,0,1,1,1,0,0,1,1,0,0,0,0,1,1,
1,0,1,1,1,3,0,0,1,1,1,0,1,1,1,1,0,0,1,1,0,0,1,1,0,0,0,0,1,0,1,1,1,0,0,0,0,0,1,0,0,0,0,0,0,0,1,0,1,0,1,0,1,0,1,1,1,1,1,0,0,1,1,0,0,0,0,1,1,
1,0,1,0,1,3,0,0,1,1,0,2,1,1,1,1,0,0,1,0,0,0,1,1,1,0,0,0,1,0,1,1,2,0,1,0,0,0,1,0,0,0,0,0,0,0,0,0,2,0,2,0,0,1,1,1,1,1,2,0,0,1,1,0,1,0,0,1,1,
0,0,1,0,1,3,0,1,1,1,0,2,1,1,1,1,0,0,1,0,0,0,1,0,1,0,1,0,1,0,1,1,2,0,1,0,0,0,1,0,0,0,0,0,0,0,2,0,2,0,2,0,0,1,1,1,1,1,2,0,0,2,2,0,1,0,0,0,0,
2,0,1,0,1,3,0,1,1,1,0,2,0,1,1,1,0,0,0,0,0,1,1,2,1,0,1,0,1,0,0,2,2,0,1,0,0,0,2,0,0,0,0,0,0,0,2,0,2,0,2,0,0,0,1,0,0,1,2,0,0,2,2,0,1,0,0,0,2,
2,0,1,0,1,3,0,1,1,1,0,2,0,1,1,2,0,0,2,0,0,1,0,2,1,0,1,0,1,0,0,2,2,0,1,0,0,0,2,0,0,0,0,0,0,0,2,0,2,1,2,0,0,0,0,0,0,2,2,0,0,2,2,0,1,0,0,0,2,
2,0,1,0,0,3,0,0,2,1,0,2,0,2,1,2,0,0,2,0,0,1,0,2,1,0,1,0,2,0,0,2,2,1,1,0,0,0,2,0,0,0,0,1,0,0,2,0,2,1,2,0,0,0,0,0,0,2,2,0,0,2,2,0,1,0,0,0,2,
2,0,0,0,0,0,0,0,2,1,0,2,0,2,1,2,0,0,2,2,0,1,0,2,1,0,0,0,2,0,0,2,2,1,1,0,0,0,2,1,0,0,0,1,0,0,2,0,2,1,2,0,0,0,0,0,0,2,2,0,0,2,2,0,0,0,0,2,2,
0,0,2,0,0,0,0,0,2,1,0,0,0,2,0,2,0,0,2,2,0,0,0,2,0,0,2,0,2,0,0,2,2,1,1,0,0,1,2,1,0,0,0,1,0,0,2,0,2,1,3,0,0,0,0,2,0,2,2,0,0,2,2,0,2,0,0,2,0,
3,0,2,0,0,0,0,0,2,0,0,0,0,2,2,2,0,0,2,2,0,0,0,0,0,0,2,0,2,0,0,2,2,1,0,0,0,1,2,1,0,0,0,1,0,0,3,0,0,1,3,0,0,0,0,2,0,2,0,1,0,0,0,0,2,0,0,2,0,
3,0,2,0,0,0,0,0,2,0,0,0,0,2,2,2,0,1,2,2,0,0,0,0,0,0,2,0,2,1,0,2,0,1,0,0,0,1,2,1,0,0,0,0,0,0,3,0,0,1,3,0,0,0,2,2,0,2,3,1,0,0,0,0,2,0,0,0,0,
3,0,2,0,0,0,0,0,2,0,2,0,0,2,2,0,0,1,2,0,0,0,0,0,2,0,2,0,3,1,2,2,0,1,2,0,0,1,0,1,0,0,0,0,0,0,3,0,0,2,3,0,0,0,2,2,0,2,3,1,0,3,0,0,3,0,0,3,0,
3,1,2,0,0,0,0,0,0,0,2,0,0,2,2,0,0,1,2,0,0,0,0,0,2,1,2,0,3,1,2,0,0,2,2,0,0,1,3,1,0,0,0,0,0,0,3,0,0,2,3,0,0,0,2,2,0,3,3,1,1,3,0,0,3,0,0,3,0,
0,1,2,0,0,0,0,0,0,0,2,0,0,2,2,0,0,1,0,0,0,0,0,0,2,1,0,0,3,1,2,0,3,2,2,0,0,2,3,1,0,0,0,2,1,0,3,0,0,2,4,0,0,0,2,2,0,3,3,1,1,3,0,1,3,0,0,3,0,
0,1,2,0,0,0,1,0,0,2,2,0,0,0,2,0,0,1,0,0,0,0,0,0,2,1,0,0,3,1,2,0,3,2,2,1,0,2,3,2,0,0,0,2,1,0,0,0,0,2,4,0,0,0,2,0,0,3,3,1,1,3,0,1,3,0,0,3,0,
0,1,2,2,0,0,1,0,0,2,2,0,0,0,2,0,0,1,0,0,0,0,2,0,0,1,0,0,3,1,2,0,3,2,2,1,0,2,3,2,0,0,0,2,1,0,0,0,0,2,4,0,0,0,2,0,0,3,3,0,1,3,0,1,4,0,0,0,0,
0,1,3,2,0,0,1,0,0,2,2,0,0,0,3,0,0,1,0,0,0,0,2,0,0,1,3,0,3,2,2,0,3,2,2,1,0,2,0,2,0,0,0,2,0,0,0,0,3,0,4,0,0,0,2,0,0,3,3,2,1,3,0,1,4,0,0,4,0,
0,1,3,2,0,0,1,0,0,2,2,0,0,0,3,0,0,2,0,0,0,0,2,0,0,1,3,0,3,2,3,0,3,2,0,1,0,2,4,2,0,0,0,2,2,0,0,0,3,0,0,0,0,0,3,0,0,4,0,2,1,4,0,0,4,0,0,4,0,
0,1,3,2,0,0,0,0,0,2,2,0,0,0,3,0,0,2,0,0,0,0,2,0,0,1,3,1,3,2,4,0,3,0,0,1,0,2,4,2,0,0,0,2,2,0,4,0,3,0,5,0,0,0,3,0,0,4,4,2,1,4,0,2,4,0,0,4,0,
0,1,3,0,0,0,0,0,0,2,0,0,0,0,3,0,0,2,0,0,0,0,2,0,0,2,3,1,4,2,4,0,3,0,0,1,0,3,4,2,0,0,0,2,2,0,4,0,3,0,5,0,0,0,3,0,0,4,4,2,0,4,0,2,4,0,0,4,0,
0,1,3,0,0,0,0,0,0,0,0,0,0,3,3,0,0,2,0,3,0,0,2,0,0,2,3,1,4,2,4,0,0,0,0,0,0,3,0,2,0,0,0,2,2,0,4,0,3,0,5,0,0,2,3,0,0,4,4,2,2,4,0,2,4,0,0,0,0,
0,2,3,3,0,0,0,0,0,0,0,0,0,3,4,0,0,2,0,3,0,0,2,0,0,2,3,1,4,2,4,0,4,0,0,0,0,3,0,2,0,0,0,0,0,0,0,0,3,0,5,0,0,2,3,0,0,4,4,2,2,4,0,2,4,0,0,0,0,
0,2,0,3,0,4,0,0,0,0,3,0,0,0,4,0,0,2,3,3,0,0,2,0,0,2,0,1,4,0,4,0,4,0,3,2,0,3,5,0,0,0,0,0,3,0,5,0,4,0,5,0,0,2,3,3,0,4,4,2,2,4,0,2,0,0,0,0,0,
0,2,0,3,0,4,0,0,0,0,3,0,0,0,4,0,0,2,3,3,0,0,0,0,3,2,0,1,4,0,5,0,4,0,3,2,0,0,5,0,0,0,0,0,3,0,5,1,4,0,5,0,0,0,0,3,0,0,4,2,2,5,3,2,0,0,0,0,0,
0,2,0,3,0,4,0,0,0,0,3,0,0,0,4,0,0,0,3,3,1,0,3,0,3,3,0,0,4,0,6,3,4,0,3,2,0,0,0,0,0,0,0,3,3,0,5,1,4,0,5,0,0,0,0,0,0,0,0,2,2,5,3,2,0,0,0,5,0,
0,2,0,3,0,4,0,0,0,0,3,0,0,0,4,0,0,0,3,3,1,0,3,0,3,3,4,0,4,0,6,3,0,0,3,2,0,0,0,0,0,0,0,3,3,0,5,1,4,0,6,0,0,0,0,0,0,0,5,3,2,5,3,2,0,0,0,5,0,
0,2,0,3,0,4,0,0,0,0,3,0,0,0,4,0,0,0,3,3,1,0,3,0,3,3,4,2,5,0,6,3,0,0,3,2,0,0,6,0,0,0,0,3,0,1,0,1,4,0,6,0,0,0,0,0,0,0,5,3,2,0,3,2,0,0,0,5,3,
0,2,0,3,0,4,0,0,3,0,3,0,0,0,4,0,0,0,3,0,1,0,3,0,3,3,4,2,5,0,6,3,0,0,3,2,0,0,6,0,0,0,0,3,0,1,0,1,0,0,6,0,0,0,0,4,0,0,5,3,2,0,3,3,0,0,0,5,3,
0,0,0,3,0,4,0,0,3,0,3,0,0,0,0,0,0,3,4,4,0,0,3,0,3,3,4,2,5,0,6,3,0,0,3,2,0,4,6,0,1,0,0,3,4,1,0,1,5,0,6,0,0,0,0,4,0,0,5,3,2,0,0,3,0,0,0,5,3,
0,0,0,3,2,0,0,0,3,3,0,0,0,0,0,0,0,3,4,4,2,0,3,0,3,3,4,2,5,0,0,3,0,0,0,3,0,4,0,0,1,0,0,3,4,1,0,1,5,0,6,0,0,0,0,0,0,5,5,3,0,0,0,3,0,0,0,5,3,
4,0,0,0,2,5,0,0,3,3,0,0,0,0,0,0,0,3,4,4,2,0,3,3,0,4,0,2,5,0,0,4,0,0,4,3,0,4,0,0,1,0,0,3,4,1,0,1,5,0,6,0,0,0,0,0,0,5,5,3,0,6,4,3,0,0,0,5,3,
4,0,0,0,2,5,2,0,3,3,0,0,0,0,0,0,0,3,4,4,2,0,3,3,0,5,0,2,6,0,0,4,0,0,4,3,0,4,0,0,1,0,0,4,0,0,0,1,5,0,6,0,0,0,0,0,0,5,5,0,0,6,4,3,0,0,0,5,3,
4,0,0,4,2,5,2,0,3,3,0,0,0,0,0,0,0,3,4,4,2,0,0,3,0,5,0,2,6,0,0,4,0,0,4,3,0,4,0,0,0,0,0,4,5,0,0,0,5,0,6,0,0,0,0,0,0,5,6,0,0,6,4,3,0,0,0,6,4,
4,0,0,4,2,5,2,0,4,3,0,0,2,0,0,0,0,3,4,4,2,0,0,3,0,5,0,2,6,0,0,4,0,0,4,3,0,4,0,0,0,0,0,4,5,0,0,2,5,0,0,0,0,0,0,0,0,5,6,0,0,6,4,0,0,0,0,6,4,
0,0,0,4,3,5,2,0,4,3,0,0,2,0,0,0,0,3,0,0,0,0,0,3,0,5,0,2,6,0,0,4,5,0,4,4,0,5,0,0,0,0,0,4,5,0,0,2,5,0,0,0,0,0,0,0,0,5,6,0,0,6,0,0,0,0,0,6,4,
5,0,0,4,4,5,2,0,4,4,0,0,2,0,0,0,0,0,0,0,3,0,0,3,0,5,0,2,6,0,0,4,5,3,4,4,0,5,0,0,0,0,0,4,5,0,0,2,5,0,7,0,0,0,0,0,0,0,6,0,0,6,5,0,0,0,0,6,4,
5,0,0,4,4,5,2,0,4,4,0,0,2,0,0,0,0,0,0,0,3,0,0,4,0,0,0,0,6,0,0,5,5,3,4,4,0,5,0,3,0,0,0,4,5,0,0,2,6,0,7,0,0,0,0,0,0,0,6,0,0,6,5,0,0,0,0,6,4,
5,0,0,4,4,5,2,0,4,4,0,0,2,0,0,0,1,0,0,0,3,0,0,4,0,0,0,3,0,0,0,5,5,3,4,4,0,5,0,3,0,0,0,5,5,0,0,2,6,0,7,0,0,0,0,0,0,0,6,0,0,7,5,0,0,0,0,6,4,
5,0,0,4,4,0,2,0,4,4,0,0,2,4,5,0,1,4,0,0,0,2,0,4,0,0,0,3,7,0,0,5,5,3,4,0,0,5,0,0,0,0,0,6,5,0,0,2,6,0,7,0,0,0,0,0,0,0,0,0,0,7,5,0,0,0,0,0,0,
5,0,0,0,4,6,3,0,4,4,0,0,2,4,5,0,1,4,0,0,0,2,0,4,0,0,0,3,7,0,7,5,5,3,4,0,0,5,0,0,0,0,1,6,5,0,0,2,6,0,7,0,0,0,0,0,0,6,0,0,0,7,5,0,0,0,0,0,0,
5,0,0,0,5,6,3,0,5,4,0,0,2,4,5,0,1,5,0,0,0,2,0,4,0,0,0,3,7,0,7,5,5,0,5,0,0,0,0,0,0,0,1,6,0,0,0,2,6,0,7,0,0,0,0,5,0,6,0,0,0,7,5,0,0,0,0,0,0,
0,3,0,0,5,6,3,0,5,4,0,0,0,4,5,0,1,5,0,0,0,2,4,4,0,0,0,3,7,0,7,5,5,0,5,0,0,0,0,0,2,0,1,6,6,0,6,0,6,0,0,0,0,3,0,5,0,6,0,0,0,7,5,0,0,0,0,0,0,
6,3,0,0,5,0,3,0,5,5,0,0,3,4,5,0,0,5,0,0,0,2,4,0,0,0,0,3,7,0,7,0,6,0,5,0,0,0,0,0,2,0,1,6,6,0,6,0,6,0,0,0,0,3,0,5,0,6,0,0,0,0,0,4,0,0,0,0,0,
6,3,0,0,5,0,3,0,5,5,0,0,3,0,5,0,2,5,0,0,0,2,4,5,0,0,0,3,7,0,7,6,6,0,0,0,0,0,0,0,2,0,1,6,0,0,6,0,6,0,0,0,0,3,0,5,0,6,0,0,0,0,6,4,0,0,0,0,0,
6,3,0,0,0,0,3,0,5,5,0,0,3,0,0,0,2,5,0,0,0,2,4,5,0,0,0,0,7,0,7,6,6,0,0,0,0,0,0,0,2,0,1,0,0,0,6,0,7,0,0,0,0,3,0,5,0,6,0,0,0,0,6,4,0,0,0,0,0,
6,3,0,0,0,0,0,0,5,5,0,0,3,0,6,0,2,5,0,0,0,0,4,5,0,0,0,0,8,0,0,6,6,0,0,0,0,0,0,0,2,0,2,7,0,2,0,0,7,0,0,0,0,3,0,5,0,6,0,0,0,0,6,4,0,0,0,0,0,
6,3,0,0,0,7,0,2,0,6,0,0,3,0,6,0,2,0,0,0,0,3,4,5,0,0,0,0,8,0,8,6,6,0,0,0,0,0,0,0,0,0,2,7,0,2,0,0,7,0,0,0,0,4,0,0,0,6,0,0,0,8,6,4,5,0,0,0,5,
6,0,0,5,0,7,0,2,6,6,0,0,3,5,6,3,2,0,0,0,0,3,5,5,0,0,0,0,8,0,8,6,6,0,0,0,0,0,0,0,0,0,2,0,0,2,0,0,7,0,0,0,0,4,0,0,0,0,0,0,0,8,6,4,5,0,0,0,5,
6,0,0,5,0,7,0,2,6,6,0,0,3,5,6,3,2,0,0,0,0,3,5,5,0,0,5,0,8,0,8,6,0,0,0,0,0,0,0,4,0,0,2,8,7,2,0,0,7,0,0,0,0,4,0,0,0,0,0,0,0,8,6,5,5,0,0,0,5,
6,4,0,5,0,0,0,2,6,6,0,0,0,5,6,3,0,0,0,0,0,3,5,0,0,0,5,0,8,0,8,6,0,0,0,0,0,0,0,4,0,0,2,8,7,0,0,0,7,0,0,0,0,4,0,0,0,0,0,0,0,8,6,5,0,0,0,0,5,
0,4,0,5,0,0,4,2,6,6,0,0,0,5,6,3,0,0,0,0,0,3,5,6,0,0,5,0,8,0,8,0,0,0,0,0,0,0,0,0,0,0,0,8,7,0,0,0,0,0,0,0,0,4,0,0,0,0,0,0,0,9,7,5,0,0,0,0,5,
7,4,0,5,0,8,4,2,6,6,4,0,0,5,0,3,0,0,0,0,0,0,5,6,0,0,5,0,0,0,8,0,0,0,0,0,0,0,0,0,0,0,0,8,0,0,0,0,0,0,0,0,0,5,0,0,0,7,0,0,0,9,7,5,0,0,0,0,5,
7,4,0,5,0,8,4,3,6,6,4,0,0,6,0,3,0,0,0,0,0,0,5,6,0,0,5,0,0,0,8,0,0,4,0,0,0,0,7,0,0,0,0,8,8,0,7,0,0,0,0,0,0,5,0,0,0,7,0,0,0,9,7,5,6,0,0,0,0,
7,4,0,6,0,8,4,3,6,0,4,0,0,6,0,4,0,0,0,0,0,0,0,6,0,6,5,0,9,0,9,0,0,4,0,0,0,0,7,0,0,0,0,8,8,0,7,0,0,0,8,0,0,5,0,6,0,7,0,0,0,9,7,5,6,0,0,0,6,
7,0,0,6,0,8,4,3,6,0,4,0,0,6,0,4,0,0,0,0,0,0,0,6,0,6,6,0,9,0,9,7,0,4,0,0,0,6,7,0,0,2,0,9,8,0,7,0,0,0,8,0,0,5,0,6,0,7,0,0,0,9,7,0,6,0,0,0,6,
7,0,0,6,0,0,4,3,6,0,4,0,0,6,0,4,0,0,0,0,0,4,0,6,0,6,6,0,9,0,9,7,0,4,0,0,0,6,7,0,0,2,0,9,8,0,7,0,0,0,8,0,0,5,0,6,0,7,0,0,0,9,7,0,6,0,0,0,6,
7,0,4,6,0,9,0,3,0,0,4,0,0,6,0,4,0,0,0,0,0,4,6,6,0,6,6,0,9,0,9,7,0,4,0,0,1,6,7,0,0,2,0,9,8,0,7,0,0,0,8,0,0,5,0,6,0,7,0,0,0,9,0,0,6,0,0,0,6,
8,0,4,6,0,9,5,3,0,0,4,0,0,0,0,4,0,0,0,0,4,4,6,6,0,6,6,0,9,0,9,0,0,4,6,0,1,6,7,5,0,2,0,9,8,0,7,0,0,0,8,0,0,6,0,6,0,8,0,0,0,10,8,0,6,0,0,7,6,
8,0,4,6,0,9,5,0,0,0,5,0,0,0,0,4,0,0,0,0,4,4,6,6,0,6,6,0,9,0,9,0,0,4,6,0,1,6,7,5,0,2,0,9,8,0,7,0,0,0,9,0,0,6,0,6,0,8,0,0,0,10,8,0,6,0,0,7,0,
8,0,4,6,0,0,5,0,0,0,5,0,0,0,0,0,0,0,0,0,4,4,0,0,0,0,6,0,10,0,9,0,0,5,6,0,1,6,7,5,0,0,0,10,9,0,8,0,0,0,9,0,0,6,0,7,0,8,0,0,0,10,8,0,0,0,0,7,0,
8,0,4,0,0,0,5,0,0,0,5,0,4,0,0,0,0,0,0,0,4,4,0,0,0,7,0,0,10,0,10,0,0,5,6,0,1,0,7,0,0,0,0,10,9,0,8,0,0,0,9,0,0,6,0,7,0,8,0,0,0,10,8,0,7,0,0,7,7,
8,0,5,0,0,10,5,4,0,0,5,0,4,0,0,0,0,0,0,0,4,5,7,0,0,7,0,0,10,0,10,0,0,5,0,5,1,0,7,6,3,0,0,10,9,0,8,0,0,0,9,0,0,6,0,7,0,8,7,0,0,10,8,0,7,0,0,7,7,
8,0,5,7,0,10,5,4,0,0,5,0,4,0,0,0,0,0,0,0,4,6,7,0,4,7,0,0,10,0,10,8,7,5,0,5,1,0,8,6,3,0,0,10,9,0,8,0,0,0,9,0,0,6,0,7,0,8,7,0,0,10,8,0,7,0,0,7,7,
8,0,5,7,0,10,0,4,0,0,0,0,4,0,0,0,0,0,0,0,0,6,7,0,4,7,0,4,10,0,10,8,7,5,7,5,1,0,8,6,3,0,0,10,9,0,8,0,0,0,9,0,0,0,0,7,0,9,7,0,0,10,9,0,7,0,0,8,7,
0,0,5,7,0,0,0,4,0,0,0,0,4,0,0,0,0,0,0,0,5,6,7,0,4,0,0,4,10,3,10,8,7,5,7,5,2,0,8,6,3,0,0,11,0,0,9,0,0,0,0,0,0,0,0,7,0,9,7,0,0,0,9,0,7,0,0,8,7,
0,0,5,7,0,0,0,4,0,0,0,0,4,0,7,0,0,0,0,0,5,6,7,0,4,0,0,4,0,3,0,8,7,0,7,5,2,0,8,7,3,0,0,11,0,0,9,0,0,0,0,0,0,0,0,7,0,9,7,0,0,0,9,0,7,0,0,8,7,
0,0,5,7,0,0,0,4,0,0,0,0,5,0,7,5,0,0,0,0,5,6,7,0,4,0,0,4,0,3,0,8,7,0,7,5,2,0,8,7,3,0,0,11,0,0,9,0,0,0,0,0,0,0,0,7,0,9,8,0,0,0,9,0,7,0,0,8,7,
0,0,0,7,0,11,0,4,0,0,0,0,5,0,7,5,0,0,0,0,0,6,0,0,4,0,0,4,0,3,11,8,0,0,0,6,2,0,8,7,3,0,0,11,10,0,9,3,0,0,0,0,0,0,0,0,0,9,8,0,0,0,9,0,0,0,0,8,0,
0,0,0,0,0,11,0,0,7,7,0,0,5,7,7,5,0,0,0,5,0,0,0,0,5,8,0,4,0,3,11,8,8,0,0,6,2,0,9,7,3,0,0,11,10,0,9,3,0,0,0,0,0,0,0,8,0,9,8,0,0,0,9,0,0,0,0,8,0,
0,0,0,0,0,11,0,0,7,7,0,0,5,7,7,5,0,0,0,5,0,0,0,0,5,8,0,5,0,3,11,8,8,0,0,6,2,0,9,7,0,0,0,11,10,0,10,3,0,0,0,0,0,0,0,8,0,9,8,0,0,0,0,0,0,0,0,9,0,
0,0,0,8,0,11,0,5,7,7,0,0,5,7,7,0,0,0,0,5,0,0,0,0,5,8,0,5,0,3,11,9,8,0,0,6,0,0,9,7,0,0,3,12,10,0,10,3,0,0,0,0,0,0,0,8,0,9,8,0,0,0,0,0,0,0,0,9,8,
0,0,0,8,0,11,0,5,7,7,0,0,5,7,7,0,0,0,0,5,0,0,0,0,5,8,0,5,0,0,0,9,8,0,0,6,0,0,9,7,4,0,3,12,10,3,10,4,0,0,0,0,0,0,0,8,0,0,8,0,0,0,0,0,0,0,0,9,8,
0,0,0,8,0,11,0,5,7,7,0,0,0,7,0,0,0,6,0,5,0,7,0,0,5,8,0,5,0,4,0,9,8,0,0,7,0,0,9,0,4,0,3,12,10,3,10,4,0,0,0,0,0,0,0,8,0,0,9,0,0,0,0,0,0,0,0,9,8,
0,0,0,8,0,12,0,5,7,7,0,0,0,7,8,0,0,6,0,5,0,7,0,0,6,8,0,5,0,4,0,9,8,0,0,7,0,0,9,8,4,3,3,12,10,0,10,4,0,0,0,0,0,0,0,8,0,0,9,0,0,0,10,0,0,0,0,9,8,
0,0,6,8,0,12,0,5,7,7,0,0,0,0,8,0,3,6,0,6,0,7,0,0,6,8,0,5,0,4,0,9,0,0,0,7,0,0,9,8,4,3,3,12,10,0,10,4,0,0,0,0,0,0,4,9,0,0,9,0,0,0,10,0,0,0,0,9,8,
9,0,6,8,0,12,0,6,8,8,0,0,0,8,8,0,3,6,5,6,0,7,0,0,6,8,0,0,0,4,0,9,0,0,0,7,0,0,10,8,4,3,3,12,10,4,10,4,0,0,0,0,0,0,4,9,0,0,9,0,0,0,10,0,0,0,0,9,8,
9,0,6,8,0,12,0,6,8,8,0,0,0,8,8,0,0,6,5,6,0,7,0,0,6,8,0,0,11,4,0,0,0,0,0,8,0,0,10,0,4,3,3,0,11,4,0,4,0,0,0,0,0,0,4,9,0,0,0,0,0,0,10,0,0,0,0,0,0,
9,0,6,0,0,12,0,6,8,8,0,0,0,8,8,0,0,6,5,6,0,0,0,0,6,9,0,0,11,4,0,0,0,0,0,8,0,0,10,0,0,0,0,0,11,4,0,5,0,0,0,0,0,0,4,9,0,0,0,0,0,0,10,0,0,0,0,0,0,
9,5,6,0,0,12,0,6,8,8,0,0,0,8,0,0,4,7,5,6,0,0,0,0,6,9,0,0,11,0,0,0,0,6,0,8,0,7,10,9,0,4,4,0,11,4,0,5,0,0,0,0,0,0,4,9,0,0,0,0,0,0,11,0,0,0,0,10,0,
9,5,0,0,0,0,0,6,8,8,0,0,0,8,0,0,4,7,5,6,0,0,0,0,6,9,7,0,11,0,0,0,0,6,0,8,0,7,10,9,0,4,4,0,11,0,0,5,0,0,0,0,0,0,5,0,0,0,0,0,0,0,11,0,0,0,0,10,0,
9,5,7,0,0,0,0,6,8,8,0,0,0,8,0,0,4,7,5,0,0,0,0,0,7,9,7,0,11,0,12,0,0,6,0,8,0,7,10,9,0,4,4,0,11,0,0,5,0,0,0,0,0,0,5,0,0,0,0,0,0,0,11,0,0,0,0,10,0,
9,5,7,0,0,0,0,6,8,9,6,0,0,8,0,0,4,7,5,0,0,0,0,0,7,9,7,0,11,0,12,0,0,6,0,8,0,8,0,9,0,4,4,0,11,0,0,5,0,0,0,0,0,0,5,0,0,0,0,0,0,11,11,0,0,0,0,10,0,
9,5,7,0,0,0,0,7,0,9,6,0,0,8,9,0,0,7,0,7,0,0,0,0,7,10,7,0,12,0,12,0,0,6,0,8,0,8,0,9,0,4,4,0,11,0,0,5,0,0,0,0,0,0,5,0,0,0,0,0,0,11,0,0,0,0,0,0,0,
9,5,0,9,0,0,0,7,0,9,6,3,0,8,9,0,0,7,0,7,0,0,0,0,7,10,7,0,12,0,12,0,0,6,0,9,0,8,0,9,0,0,4,0,12,0,0,0,0,0,0,1,0,0,5,0,0,0,0,0,0,11,12,0,0,0,0,11,0,
10,0,0,9,0,0,0,7,0,0,6,3,0,0,9,0,5,8,0,7,0,8,0,0,7,10,7,0,12,0,0,0,9,6,0,9,0,8,0,9,0,0,4,0,12,0,0,0,0,0,0,1,0,0,5,0,0,0,0,0,3,11,12,0,0,0,0,11,0,
10,0,0,9,0,0,0,7,0,0,6,3,0,0,9,6,5,8,0,7,0,8,0,0,7,10,7,0,12,0,0,10,9,7,0,9,0,8,0,0,0,0,0,0,12,0,0,0,8,0,0,1,0,0,6,0,0,0,0,0,3,11,12,0,0,0,0,11,0,
10,6,0,9,0,0,0,7,0,0,6,3,0,0,9,6,5,8,0,7,0,8,0,0,0,10,7,0,12,0,0,10,9,7,0,9,0,8,0,0,5,0,5,0,12,0,0,0,8,0,0,1,0,0,6,0,0,0,0,0,3,0,12,0,0,0,0,11,0,
10,6,0,9,0,0,0,7,0,0,7,3,0,0,9,6,5,0,0,7,0,8,0,0,0,10,8,0,13,0,0,10,9,7,0,9,0,8,0,0,5,0,5,0,12,0,0,0,0,3,0,1,0,0,6,10,0,0,10,0,3,12,12,0,0,0,0,12,0,
10,6,0,9,0,0,0,0,0,0,8,3,0,0,9,6,5,0,0,7,0,8,0,0,0,10,8,0,13,0,0,10,9,7,0,9,0,8,0,0,5,5,5,0,0,0,0,6,0,3,0,2,0,0,6,10,0,0,10,0,3,12,12,0,0,1,0,12,0,
0,6,0,10,0,0,0,0,0,0,8,0,0,0,0,6,5,0,0,0,0,8,0,0,0,11,8,0,13,0,0,10,9,7,0,0,0,9,0,0,5,5,5,0,0,0,0,6,0,3,0,2,0,0,6,10,0,0,10,0,3,12,12,0,0,1,0,12,0,
0,6,0,10,0,0,0,0,0,0,8,0,0,0,10,6,5,0,0,8,0,8,8,0,0,11,8,0,13,0,0,11,10,7,8,0,0,9,0,0,5,5,0,0,0,0,0,6,9,3,0,2,0,0,7,10,0,0,10,0,4,12,13,0,0,1,0,12,0,
0,6,0,10,0,0,0,0,0,0,8,4,0,0,10,0,0,0,0,8,0,9,8,0,0,11,8,0,13,0,0,11,10,7,8,0,0,9,0,0,5,5,0,0,0,0,0,6,9,3,0,2,0,0,7,10,0,0,0,0,4,0,13,0,0,1,1,12,0,
0,0,0,10,0,0,0,0,0,0,8,4,0,0,10,0,0,0,0,8,0,9,8,0,0,11,8,0,13,0,0,11,10,7,8,0,0,9,0,0,5,5,0,0,13,0,0,6,9,3,0,2,0,0,7,10,0,0,11,0,4,0,13,0,0,1,1,0,0,
0,0,0,10,0,0,0,0,0,0,8,4,0,0,10,0,0,0,6,8,0,9,8,7,0,11,8,0,13,0,0,11,10,7,8,0,0,9,0,0,5,5,0,13,13,0,0,6,9,3,0,2,0,0,7,10,0,0,11,4,4,0,13,6,0,1,1,0,0,
0,0,0,0,0,0,0,0,0,0,8,4,0,0,10,7,0,0,6,8,0,9,8,7,0,11,0,0,13,0,0,11,10,8,8,0,0,9,0,0,0,6,0,13,13,0,0,0,9,4,0,0,2,0,0,11,0,0,11,4,4,0,13,6,0,1,1,0,0,
0,0,0,0,0,0,0,0,0,0,8,0,0,0,10,7,0,0,0,8,0,9,0,7,0,11,0,6,14,0,0,11,0,8,0,0,0,9,0,0,6,6,0,13,13,0,0,7,0,4,0,0,2,0,0,11,0,0,11,4,4,0,13,6,0,2,1,0,0,
0,0,0,0,0,0,0,0,0,0,8,0,6,0,10,0,0,0,0,8,0,9,0,7,0,0,0,6,14,0,0,12,0,8,0,0,0,0,0,0,6,6,0,13,0,0,0,7,0,4,0,0,2,0,0,11,0,0,12,4,0,0,13,6,0,2,1,0,0,
0,0,0,0,6,0,0,0,0,0,9,5,6,0,0,0,0,0,7,0,0,0,0,7,0,0,0,6,14,0,0,12,0,8,0,0,0,0,0,0,6,6,0,13,0,0,0,7,0,4,0,0,2,0,0,11,0,0,12,4,0,0,13,6,0,2,0,0,0,
0,0,0,0,6,0,0,0,9,0,9,5,6,0,0,0,0,0,7,0,0,0,0,0,0,0,0,6,14,0,0,12,0,8,0,0,0,0,0,0,6,0,0,0,0,5,0,7,0,4,0,0,2,0,0,11,0,0,12,0,0,0,13,0,0,2,0,0,0,
11,0,0,0,6,0,0,0,9,0,9,5,6,9,0,0,0,0,7,0,0,0,0,0,0,12,0,6,14,0,0,12,0,8,0,0,0,0,0,0,6,7,0,0,0,5,0,7,0,4,0,0,2,0,0,11,0,0,12,0,0,0,14,0,0,2,0,0,0,
11,0,0,0,6,0,0,0,9,0,9,5,6,9,0,0,0,0,0,0,0,0,0,0,0,12,0,6,14,0,0,12,0,8,0,0,0,10,0,0,6,7,0,0,0,5,0,7,0,5,0,3,2,0,0,0,0,0,12,0,0,0,14,0,0,3,0,0,0,
11,7,0,0,6,0,0,0,9,0,9,0,6,9,0,0,0,0,0,0,0,0,9,0,0,12,0,6,0,0,0,12,0,0,0,0,0,10,0,0,6,7,0,0,0,5,11,7,0,5,0,3,3,0,0,0,0,0,13,0,0,0,14,0,0,3,0,0,0,
11,7,0,0,6,13,0,0,10,0,9,6,6,9,0,8,0,9,0,0,0,0,9,0,0,12,0,7,0,0,0,0,0,0,0,0,0,10,0,0,0,7,0,0,0,0,11,0,0,5,0,3,3,0,0,0,0,0,13,0,0,0,14,0,0,0,0,0,0,
0,7,0,0,0,13,0,0,10,0,9,6,7,9,0,8,0,9,8,0,0,0,9,8,0,12,0,7,0,0,0,0,0,0,0,0,0,10,0,0,0,0,0,0,0,0,11,8,0,5,10,3,3,0,0,0,0,0,13,0,0,0,14,0,0,0,2,0,0,
0,7,0,0,0,13,0,0,10,0,10,6,7,0,0,8,0,0,8,9,0,0,9,8,0,12,0,7,0,5,0,0,0,0,0,0,0,10,0,0,7,0,0,0,0,0,11,8,0,0,10,3,3,0,8,12,0,0,13,0,0,0,14,0,0,0,2,0,0,
0,7,0,0,0,13,0,0,10,0,10,6,7,0,0,8,0,0,8,9,0,0,9,8,0,13,0,7,0,5,0,0,0,0,0,10,0,10,0,0,7,0,0,0,14,0,11,8,0,0,10,3,3,0,8,12,0,0,13,0,5,0,14,0,0,4,2,0,0,
0,7,0,0,7,13,0,0,10,0,10,6,7,0,0,0,0,0,8,9,0,0,9,8,8,13,0,7,0,5,0,0,0,0,0,10,0,11,0,0,7,0,0,0,14,0,11,8,0,0,10,4,3,0,8,12,0,0,13,0,5,0,14,0,8,4,2,13,0,
0,0,0,0,7,0,0,0,10,0,10,0,7,0,0,0,0,0,8,0,0,0,9,0,8,13,0,7,0,5,0,0,0,0,0,10,0,11,11,0,7,0,0,0,14,0,12,8,0,0,10,4,3,0,0,12,0,0,13,0,5,0,0,0,8,4,2,13,0,
0,8,0,0,7,0,0,0,11,0,10,0,7,0,11,0,0,0,8,0,0,0,9,0,8,13,0,7,0,5,0,0,0,0,0,10,0,11,11,0,7,0,0,0,14,0,13,8,0,0,10,4,3,0,0,12,0,0,0,0,5,0,0,0,8,4,2,13,0,
0,8,0,0,7,14,0,0,11,0,10,7,8,0,11,0,0,0,8,0,0,0,0,9,8,13,0,7,0,5,0,0,0,0,0,10,3,11,11,0,7,0,0,0,14,0,13,0,0,0,10,4,4,0,0,12,0,0,0,0,5,0,0,7,8,4,2,13,0,
0,8,0,0,0,14,0,0,11,0,0,7,8,0,11,0,0,0,9,0,0,0,10,9,8,13,0,8,0,5,0,0,0,0,0,10,3,11,11,0,7,0,0,0,0,0,13,0,0,0,11,4,4,0,9,12,2,0,0,0,5,0,0,7,8,4,3,0,9,
0,8,0,0,8,14,0,0,11,10,0,7,8,0,11,0,0,0,9,0,0,10,10,9,8,0,0,8,0,5,0,0,0,9,0,10,3,11,0,0,8,0,0,0,15,0,13,0,0,6,11,4,4,0,9,13,2,10,0,0,6,0,0,7,9,4,3,0,9,
0,8,0,0,8,14,6,0,11,10,0,7,8,0,11,0,0,0,9,0,0,10,10,9,9,0,0,8,0,0,0,0,0,9,0,10,3,11,0,10,8,0,0,0,15,0,13,0,0,6,11,0,4,0,9,13,2,10,0,0,6,0,0,7,9,4,3,0,9,
0,8,0,0,8,0,6,0,11,10,0,7,8,0,11,0,0,0,9,0,0,10,10,0,9,14,0,9,0,6,0,0,0,9,0,10,3,12,0,10,8,0,0,0,15,0,13,0,0,6,11,0,4,0,9,13,2,10,0,0,6,0,15,7,9,5,3,0,9,
0,8,0,0,8,0,6,8,12,10,0,7,8,0,11,0,0,0,9,0,0,10,10,0,9,14,0,9,0,6,0,0,0,9,0,0,3,12,0,10,8,0,0,0,15,0,0,0,0,6,11,0,4,0,9,13,2,10,0,0,6,0,15,7,9,5,3,0,9,
0,0,8,0,8,0,6,8,12,10,0,0,0,0,12,0,0,0,9,10,0,10,10,0,9,14,0,9,0,6,0,0,11,9,0,11,3,12,12,10,8,8,0,0,15,0,0,0,0,6,11,0,4,0,9,13,3,0,0,5,6,13,15,0,9,5,3,0,9,
0,0,8,0,0,0,6,8,12,10,0,0,0,10,12,0,0,0,0,10,0,10,0,0,9,14,0,9,0,6,0,0,11,9,9,11,4,12,12,10,8,8,0,0,15,0,0,0,0,6,12,0,0,0,9,14,3,0,0,5,6,13,15,0,9,5,3,0,10,
0,0,8,0,0,0,6,8,12,0,0,0,0,10,12,0,0,0,0,0,0,10,11,0,9,14,0,9,0,6,0,13,11,10,9,11,4,12,12,10,8,8,0,0,0,6,0,0,0,7,12,0,5,0,9,14,3,0,0,5,0,13,0,0,9,5,0,0,10,
0,0,8,0,0,0,6,8,0,0,0,0,0,10,12,0,0,0,0,0,0,10,11,0,0,14,0,9,0,6,0,13,11,10,9,11,4,12,0,11,8,8,0,0,0,6,0,0,0,7,12,0,5,0,9,14,3,0,0,5,0,13,0,8,9,5,0,0,10,
0,0,8,11,0,0,6,8,0,0,0,8,0,10,12,0,0,0,0,11,0,10,11,0,0,15,0,9,0,0,0,13,11,10,9,11,4,0,13,11,8,0,0,0,0,6,0,0,0,7,12,0,5,0,9,14,3,0,0,0,0,13,0,8,9,5,0,0,10,
0,0,8,11,0,0,6,9,0,0,0,8,0,10,12,0,0,0,0,11,0,11,11,0,0,15,0,0,0,0,0,13,11,10,9,11,4,0,13,11,8,9,0,0,0,6,14,0,0,7,12,0,5,0,9,15,0,0,0,0,0,13,16,8,10,5,0,0,10,
0,0,9,11,9,0,6,9,0,0,0,8,0,11,12,0,0,0,0,11,0,11,11,0,0,15,0,0,15,0,13,13,12,10,0,0,4,0,13,11,0,9,0,0,0,6,14,0,0,7,12,0,5,0,10,15,0,0,0,0,0,14,16,8,10,6,0,0,0,
0,0,9,11,9,0,7,9,0,0,11,8,0,11,0,0,0,0,0,11,6,11,11,0,0,15,0,0,15,0,13,13,12,10,10,0,0,0,13,11,9,9,0,0,0,6,14,0,0,7,12,0,5,0,10,15,0,0,0,0,0,14,16,0,10,6,0,0,0,
0,0,9,11,9,0,7,9,0,0,11,8,0,11,0,0,0,0,0,11,6,11,0,0,0,15,0,0,15,0,13,0,12,10,10,0,0,0,13,11,9,9,0,0,0,6,14,0,10,7,13,0,6,0,10,15,0,0,0,0,0,14,16,0,10,6,0,0,0,
0,0,9,11,9,0,7,9,0,11,11,8,0,11,0,0,0,0,0,0,6,11,12,10,0,15,0,0,15,0,13,14,12,11,10,0,0,0,13,12,9,9,0,0,0,7,14,0,10,7,13,5,6,0,10,15,0,0,0,0,0,14,16,0,10,6,0,0,0,
0,0,9,11,9,0,7,9,0,11,11,8,0,11,0,0,0,0,0,0,6,11,12,10,0,16,0,0,15,0,13,14,12,11,10,12,0,0,13,12,9,9,0,0,0,7,14,0,10,7,13,5,6,0,10,16,0,0,0,0,0,14,16,0,10,0,0,0,0,
0,0,9,0,9,0,7,9,0,11,11,0,0,11,0,0,0,0,0,0,6,11,12,10,0,16,0,0,15,0,13,14,12,11,10,12,0,0,14,12,9,9,0,14,0,7,14,0,10,7,13,5,6,0,10,16,0,0,0,0,7,14,17,0,10,0,0,0,0,
0,0,0,12,9,0,7,0,0,11,0,9,0,11,0,0,0,0,0,0,6,0,12,10,0,16,0,0,15,0,13,14,12,0,10,12,0,0,14,0,0,9,0,14,0,7,15,0,10,8,13,5,6,0,0,16,0,0,0,0,7,0,17,0,0,0,0,0,0,
0,0,0,12,9,0,7,0,0,11,12,9,9,0,0,0,0,0,0,0,6,0,12,10,0,16,0,0,16,0,13,14,0,0,0,12,0,0,14,13,0,0,0,14,0,7,15,0,10,8,13,5,6,0,0,16,0,0,0,6,7,0,17,0,0,0,0,0,0,
0,0,0,12,9,0,0,0,0,11,12,9,9,0,0,0,6,0,0,0,7,0,12,10,0,16,0,10,16,7,0,14,0,0,0,12,0,0,14,13,0,0,0,14,0,7,15,0,10,8,13,5,0,0,0,16,0,0,0,6,7,0,17,0,0,0,4,0,0,
0,0,0,12,0,0,0,0,0,11,12,9,9,0,0,0,6,0,0,0,7,0,0,10,0,16,0,10,16,7,14,14,0,0,0,12,5,0,0,0,0,10,0,14,0,0,15,0,11,8,13,6,0,0,0,16,0,0,0,6,7,0,17,0,0,0,4,0,0,
0,0,0,12,0,0,0,0,0,0,12,9,9,12,0,0,6,0,0,0,7,0,0,10,0,16,0,10,16,7,14,0,0,0,0,13,5,0,0,14,0,10,0,14,0,8,15,0,11,8,13,6,0,0,0,17,0,0,0,6,7,0,0,0,0,0,4,0,0,
0,0,0,12,0,0,0,0,0,12,13,9,9,12,0,0,0,10,0,0,7,0,0,0,0,16,0,10,16,7,14,0,13,0,0,13,5,0,0,14,0,10,6,14,0,8,15,0,11,8,13,6,7,0,0,17,0,0,0,6,7,0,0,0,0,0,4,0,0,
0,0,0,12,0,0,8,0,0,12,13,0,9,12,0,0,7,10,0,0,7,0,0,11,0,0,0,10,16,7,14,0,13,0,0,13,5,13,0,14,0,10,6,15,0,8,15,9,11,0,13,6,7,0,0,17,0,11,0,0,0,0,0,0,0,0,4,0,0,
0,0,0,12,10,0,8,0,0,12,13,0,9,12,0,0,7,10,0,0,7,0,0,11,0,17,0,10,16,7,14,0,13,0,0,13,5,13,0,14,0,10,6,15,0,8,0,9,11,9,14,6,7,0,11,18,0,11,0,7,8,0,0,0,0,0,4,0,0,
0,0,0,0,10,15,8,0,0,0,13,0,10,12,0,0,7,10,0,0,7,0,0,11,10,17,0,0,16,7,14,0,13,0,0,13,5,13,15,0,0,11,6,15,0,8,0,9,11,9,14,6,7,0,11,18,0,11,0,7,8,0,0,0,0,0,5,0,0,
0,0,0,0,10,15,8,0,0,0,13,0,10,12,0,0,7,10,0,0,8,0,0,11,10,17,0,0,17,0,0,0,13,0,0,13,6,13,15,0,0,11,6,15,0,8,0,9,11,9,14,6,7,7,11,18,4,11,0,7,8,0,0,0,0,0,5,0,0,
0,9,0,0,10,15,8,0,0,13,14,0,10,12,0,0,8,10,0,0,8,0,0,11,10,17,0,0,17,8,0,0,13,0,0,13,6,13,15,0,0,11,6,15,0,9,0,0,11,9,14,6,7,7,11,18,4,11,0,7,8,0,0,0,0,0,5,0,0,
0,9,10,0,10,15,8,0,0,13,14,0,10,0,0,0,8,0,0,0,8,0,0,11,10,17,0,0,17,8,0,0,0,0,0,14,6,0,0,0,0,11,7,15,0,9,0,0,11,9,14,6,7,7,11,19,4,0,0,7,8,0,0,0,0,0,5,0,0,
0,9,10,13,10,15,9,0,0,13,14,0,10,0,0,0,8,11,0,0,8,0,0,11,10,17,0,11,0,8,0,0,0,0,0,14,6,14,0,0,0,11,7,0,0,9,0,0,0,9,14,0,8,7,11,19,4,12,0,0,8,0,0,0,0,0,5,0,0,
0,9,10,13,10,0,9,0,0,0,14,0,10,0,0,0,8,11,0,0,8,0,0,11,10,18,0,11,0,8,0,15,0,0,0,14,6,14,0,15,0,0,7,0,0,9,0,0,0,0,0,7,8,7,11,19,4,12,0,0,0,0,0,0,0,0,5,0,11,
0,9,10,13,0,16,9,0,0,0,14,0,0,0,0,0,8,11,0,0,9,0,0,0,11,18,0,11,0,8,15,15,14,0,0,14,0,14,0,15,0,0,7,0,0,9,0,0,0,0,0,7,8,7,12,19,4,12,0,8,0,0,0,9,0,0,6,0,11,
0,9,10,13,0,16,9,0,0,0,14,0,0,0,0,0,0,11,0,0,9,0,0,0,11,18,0,11,18,8,15,15,14,0,0,14,0,14,0,15,0,0,7,0,0,9,0,0,0,10,0,7,8,7,12,19,5,12,0,8,0,0,18,9,0,0,6,0,11,
0,10,10,13,0,16,9,0,0,0,14,0,0,0,0,0,0,0,0,0,9,0,0,0,11,18,0,11,18,8,15,15,14,0,0,14,0,14,0,15,0,0,7,0,0,9,0,0,0,10,0,7,8,8,12,19,5,0,0,0,0,0,18,9,0,0,6,0,11,
0,10,10,13,0,16,9,0,0,0,15,0,0,0,0,0,0,0,0,0,9,0,0,0,11,18,0,11,18,8,15,15,14,0,0,14,0,14,0,15,0,0,0,0,0,10,0,0,0,10,0,7,8,8,12,0,5,0,0,9,0,0,18,9,11,0,6,0,11,
0,10,11,0,0,0,0,0,0,0,15,0,0,0,0,0,0,0,0,0,9,0,0,0,11,19,0,0,18,8,15,15,15,0,0,0,0,14,0,15,0,0,0,0,0,10,0,0,0,10,0,8,8,8,12,0,5,0,0,9,0,0,18,9,11,0,6,0,11,
0,10,11,0,11,0,0,0,0,0,15,0,0,0,13,0,0,0,0,0,9,0,0,0,11,20,0,0,0,9,15,15,15,0,0,0,0,0,0,16,0,0,0,0,0,10,0,0,0,0,0,8,8,8,12,0,5,0,0,9,0,0,0,9,11,0,6,0,12,
0,10,11,0,11,0,0,0,0,0,15,0,0,0,13,0,0,0,0,0,0,0,0,0,11,20,0,0,0,9,15,15,15,0,0,0,0,0,0,16,0,0,0,0,0,10,0,0,0,0,0,8,8,8,0,20,5,0,0,9,0,0,0,10,11,0,6,0,12,
0,10,11,0,11,0,0,0,13,0,15,0,0,0,13,0,0,0,0,0,0,0,0,0,12,20,0,0,19,9,16,15,15,0,0,0,0,0,0,16,0,0,0,0,0,10,0,0,0,0,0,8,9,8,0,20,0,13,0,9,0,0,19,10,11,0,7,0,12,
0,10,11,14,11,0,0,0,13,0,15,10,0,0,13,0,0,0,0,0,0,0,13,0,13,20,0,0,19,9,16,15,15,0,0,0,0,0,0,16,0,0,0,0,0,11,0,0,0,0,0,9,9,8,0,20,0,13,0,9,0,0,19,10,11,0,7,0,12,
0,11,11,14,11,0,0,0,13,0,0,10,0,0,13,0,0,0,0,0,0,0,13,0,13,20,0,0,19,9,16,0,15,0,0,0,0,0,0,16,0,0,0,0,0,11,0,0,0,0,0,9,9,0,0,20,0,0,0,0,0,0,19,10,12,0,7,0,12,
0,11,0,14,12,0,0,0,13,0,0,10,0,0,13,0,0,0,0,0,0,0,13,0,13,20,0,0,19,9,16,0,15,0,0,0,0,0,0,16,0,12,0,0,0,11,0,0,0,0,0,9,9,9,0,20,0,0,0,0,0,0,19,10,12,0,7,0,12,
0,11,0,14,12,0,0,0,13,0,16,10,0,0,13,0,0,12,0,0,0,0,13,0,13,21,0,0,0,10,16,0,15,0,0,15,0,0,0,0,10,12,0,0,0,11,0,0,0,0,0,9,9,9,0,20,0,14,0,0,0,0,0,10,12,0,7,0,12,
0,11,0,14,12,0,0,0,14,0,16,10,0,0,13,0,0,12,0,0,0,0,13,0,13,21,0,0,20,10,16,0,15,0,0,15,0,0,0,0,10,12,0,0,0,11,0,0,0,0,0,9,9,9,0,0,0,14,0,0,0,0,0,11,12,0,7,0,0,
0,11,0,14,12,0,0,10,14,0,16,10,0,0,14,0,0,0,0,12,0,0,13,0,0,21,0,0,20,10,0,0,16,0,0,15,0,0,0,0,10,12,0,0,0,11,0,0,0,0,15,9,0,9,0,0,0,14,0,0,0,0,0,11,12,0,8,0,0,
0,11,0,14,12,0,0,10,14,0,16,10,0,0,14,0,0,0,0,12,0,0,0,0,0,21,0,0,20,10,0,0,16,0,0,15,0,0,0,0,10,12,0,0,16,11,0,0,0,0,15,0,0,9,0,0,0,0,0,0,0,0,0,11,12,0,8,0,0,
0,0,0,15,12,0,0,10,14,0,0,11,0,0,14,0,0,0,0,12,0,0,14,0,0,21,0,0,20,11,0,0,16,0,0,15,0,0,0,0,10,13,0,0,16,0,0,0,0,0,15,0,0,9,0,0,0,0,0,0,0,0,0,11,0,0,8,0,0,
0,0,0,15,13,0,0,10,14,0,0,11,0,0,14,0,0,0,0,12,0,0,14,0,0,21,9,0,0,11,0,0,16,0,0,15,0,0,0,0,10,13,0,0,16,0,16,0,0,0,15,0,0,10,0,0,0,0,0,0,0,0,0,0,0,0,8,0,13,
0,0,0,15,13,0,0,10,14,0,0,11,11,0,14,0,0,0,0,12,0,0,14,0,0,22,9,0,0,11,0,16,16,0,0,15,0,0,0,0,11,13,0,0,0,0,16,0,0,0,15,0,0,10,0,0,0,15,0,0,0,0,0,0,0,0,0,0,13,
0,0,0,15,13,0,0,10,14,0,0,11,11,0,0,0,0,0,0,12,0,0,14,0,0,22,9,0,0,11,0,16,16,0,11,0,0,0,0,0,11,13,8,0,0,0,16,0,0,0,15,0,0,10,0,0,0,15,0,0,0,0,0,0,0,0,0,0,13,
0,0,0,15,13,0,0,0,15,0,0,11,11,0,0,0,9,0,0,13,0,0,14,0,0,22,9,0,0,11,0,16,0,0,11,16,0,0,0,17,11,13,8,0,17,12,16,0,0,0,0,0,0,10,0,0,0,15,0,0,0,0,0,0,0,0,0,0,13,
0,0,12,15,13,0,0,0,15,0,0,11,0,0,0,0,9,0,0,13,0,0,14,0,0,22,9,0,0,11,0,16,0,0,11,16,0,0,0,17,11,13,8,0,17,12,16,0,0,0,16,0,0,10,0,0,0,15,0,0,0,15,0,0,0,0,0,0,0,
0,0,12,16,14,0,0,0,15,0,0,0,0,0,0,0,0,0,0,13,10,0,0,0,0,0,9,0,0,12,0,16,0,0,11,16,7,0,0,17,11,14,8,0,0,12,16,0,0,0,16,0,0,10,0,0,0,0,0,0,0,15,0,0,0,0,0,0,0,
0,0,12,16,14,0,0,0,15,0,0,0,0,0,0,0,0,0,0,13,10,0,0,0,0,0,0,0,0,12,0,17,0,0,11,16,7,0,0,17,11,14,8,0,0,12,16,0,0,0,16,0,0,10,13,0,0,0,0,0,0,0,0,0,0,0,0,0,14,
0,0,12,16,14,0,0,0,15,0,0,0,0,0,0,0,0,0,0,13,10,0,0,0,0,0,0,0,0,12,0,17,0,0,11,16,7,0,0,17,12,14,8,0,0,12,16,0,0,0,16,0,0,11,13,0,0,16,0,0,0,0,0,0,0,0,0,0,14,
0,0,12,16,14,0,0,0,0,0,0,0,0,0,0,0,0,0,0,13,10,0,0,0,0,23,0,0,0,12,0,17,0,12,0,16,7,0,0,17,12,14,9,0,0,12,0,0,0,0,16,0,0,11,13,0,0,16,0,0,0,16,0,0,0,0,0,0,14,
0,0,12,16,14,0,0,0,16,0,0,12,0,0,0,0,0,13,0,13,10,0,0,0,0,23,0,0,0,12,0,17,0,12,12,16,7,15,0,17,12,14,9,0,0,0,0,0,0,11,16,0,0,11,13,0,6,16,0,0,0,16,0,0,0,0,0,0,0,
0,0,0,16,0,0,0,0,16,0,0,12,0,0,0,0,0,13,10,13,10,0,0,0,0,23,10,0,0,13,0,17,0,12,12,0,7,15,0,18,13,0,9,0,0,0,17,0,0,11,0,0,0,11,13,0,6,0,0,0,9,16,0,0,0,7,0,0,0,
0,0,13,17,15,17,0,0,16,0,0,12,0,0,0,0,0,13,10,0,11,12,0,0,0,23,10,0,0,14,0,17,0,12,12,0,0,15,0,18,13,0,9,0,0,13,17,10,0,11,0,10,0,11,13,0,6,0,0,0,9,16,0,0,0,7,0,0,15,
0,0,13,17,15,17,0,0,16,0,0,12,0,0,0,0,0,13,10,0,11,12,0,0,14,23,10,0,0,14,0,0,0,12,12,0,0,15,0,18,13,0,9,0,0,13,17,10,0,11,0,10,0,11,13,0,6,17,0,0,9,16,0,0,0,0,0,0,15,
0,0,13,17,15,17,0,0,16,0,0,12,0,13,0,0,0,13,0,14,11,12,0,0,14,23,11,12,0,14,0,0,0,12,12,0,0,15,0,18,13,0,9,0,0,13,17,10,0,11,0,10,0,11,14,21,6,17,0,0,9,16,0,0,0,0,0,0,15,
0,0,13,17,15,17,10,0,16,0,0,12,0,13,0,0,0,0,0,14,11,12,0,0,14,23,11,12,0,14,0,0,0,13,13,0,0,15,0,18,13,0,0,0,0,13,17,0,0,11,0,10,0,0,14,21,6,17,0,0,9,16,0,0,0,0,0,0,0,
0,0,13,17,15,17,10,0,0,0,0,12,0,13,15,9,0,14,0,14,11,0,0,0,14,24,11,12,0,14,0,0,0,13,13,0,0,16,0,18,13,0,0,0,0,13,17,0,0,0,0,10,0,0,14,21,6,17,0,0,0,17,0,0,0,0,0,0,16,
0,0,0,17,15,17,10,0,0,0,0,12,0,13,15,9,0,14,0,0,11,0,0,0,14,24,11,12,0,14,0,0,0,13,13,0,0,16,0,0,14,0,0,0,0,13,17,0,0,12,0,10,0,12,14,21,7,17,0,0,10,17,0,0,0,0,0,0,16,
12,0,0,17,15,17,10,0,0,0,0,13,0,13,15,9,0,14,0,0,12,0,0,0,14,24,11,12,21,15,0,0,0,13,13,0,0,16,16,19,14,0,0,0,0,13,17,0,0,12,0,10,0,12,14,21,7,17,0,0,10,17,0,0,0,0,0,0,16,
12,0,0,0,16,0,10,11,0,0,0,13,0,13,15,9,0,14,0,0,12,0,0,0,0,24,11,12,21,15,0,0,17,13,13,0,0,16,16,19,14,0,0,0,0,13,17,0,0,12,0,11,0,12,14,21,7,17,0,0,10,17,0,0,0,0,0,0,16,
0,0,0,0,16,0,0,11,0,0,0,13,0,13,15,9,0,0,0,0,12,0,0,0,15,24,12,12,21,15,0,0,17,13,13,17,0,16,16,19,14,0,0,0,0,0,17,11,0,12,17,11,0,12,14,21,7,17,0,0,10,17,0,0,0,0,0,0,16,
0,0,14,0,16,0,0,11,0,0,0,13,0,13,15,9,10,15,0,0,12,0,0,0,15,24,12,13,21,15,0,0,17,0,14,17,0,17,16,19,14,0,0,0,0,0,0,11,0,12,17,11,0,12,0,21,7,18,0,0,10,17,0,0,0,0,0,0,16,
13,0,14,0,16,0,0,11,0,14,0,13,0,0,0,10,10,15,0,0,13,0,0,0,15,0,12,13,21,15,0,0,17,0,14,17,0,17,16,19,15,15,0,0,0,0,0,11,0,12,17,11,0,12,0,0,7,18,0,0,0,18,0,0,0,0,0,0,16,
13,0,14,0,16,0,0,0,0,14,0,13,0,0,0,10,10,15,0,0,13,0,0,0,15,0,12,13,21,15,0,0,17,0,14,17,0,17,16,19,16,15,10,0,18,0,0,11,0,12,17,11,0,0,0,0,0,18,0,0,0,18,0,0,0,0,9,0,0,
13,0,14,0,16,0,0,12,0,14,0,0,0,0,0,10,10,15,0,0,13,0,0,0,15,0,12,13,0,16,0,18,0,0,14,17,0,18,16,20,16,15,10,0,18,0,0,11,0,12,17,11,0,0,0,0,0,18,0,0,0,18,0,0,0,0,9,14,0,
13,0,14,0,17,0,0,12,0,14,0,0,0,0,16,10,10,15,0,0,13,0,0,0,15,0,0,13,0,16,0,18,0,0,14,17,0,18,17,20,16,0,10,0,18,0,0,11,0,0,17,11,0,0,0,0,0,18,0,0,0,18,0,0,0,0,9,14,0,
13,0,14,18,17,0,0,12,0,14,0,0,0,0,16,10,10,0,0,0,0,0,0,0,0,0,0,13,0,16,0,18,0,14,14,17,0,18,17,20,0,0,10,0,18,0,0,11,0,0,17,0,0,13,0,0,0,18,0,0,0,18,0,0,0,0,9,14,0,
13,0,15,18,17,0,0,0,0,0,0,0,0,0,16,10,11,0,0,0,0,0,0,0,0,0,0,13,0,16,0,18,0,14,0,18,0,18,17,20,0,0,10,0,18,0,0,11,0,0,18,0,0,13,0,22,0,18,0,0,0,18,0,0,0,0,9,14,17,
13,0,15,18,17,18,0,0,0,0,0,0,0,14,16,0,11,0,0,15,0,0,0,12,0,0,0,0,0,0,0,18,18,14,0,18,0,18,17,20,0,0,10,0,0,0,0,11,0,0,18,0,0,13,0,22,0,0,0,0,0,18,0,0,0,8,9,14,17,
13,0,15,18,17,18,0,0,0,0,0,0,0,14,16,0,11,16,11,15,0,0,0,12,0,0,0,0,0,0,0,18,18,14,0,18,0,0,17,20,0,0,0,0,0,0,18,0,0,0,18,0,0,13,0,22,0,0,0,10,0,0,0,0,0,8,9,14,0,
14,0,15,18,17,18,0,0,0,0,0,0,0,14,16,0,11,16,11,15,0,0,15,12,0,0,0,0,0,0,0,19,18,14,0,18,0,0,17,20,0,0,11,0,0,0,18,12,0,0,18,0,0,13,0,22,0,0,0,10,0,0,0,0,0,8,10,15,0,
14,12,15,18,0,18,0,0,0,0,0,0,12,0,0,0,11,16,11,15,0,0,15,12,0,0,13,0,0,0,0,19,18,14,15,18,0,0,0,0,0,0,11,0,0,0,18,12,0,0,18,0,0,13,0,0,0,0,0,10,0,0,0,0,0,8,10,15,0,
14,12,15,0,0,18,0,0,17,15,0,14,12,0,0,0,11,16,11,15,0,0,15,12,0,0,13,0,0,0,0,19,18,14,15,18,0,0,0,0,0,0,11,0,0,0,18,12,0,0,18,0,0,13,0,0,8,0,0,10,0,0,0,0,0,8,10,15,0,
14,12,0,19,0,0,0,13,17,15,0,14,12,0,0,0,0,16,11,15,0,0,15,12,0,0,13,0,0,0,0,19,18,15,15,0,0,0,18,0,0,0,11,0,0,0,18,12,0,0,18,0,0,14,0,0,8,0,0,10,11,0,0,0,0,8,10,15,0,
14,12,0,19,18,0,0,13,0,15,17,14,12,0,0,0,0,16,11,15,0,0,15,13,0,0,13,0,0,0,0,19,18,15,15,0,8,0,18,0,0,0,11,0,0,0,18,12,0,0,19,0,0,14,0,0,8,0,0,10,11,0,0,0,0,8,10,15,0,
14,12,0,19,18,0,0,13,0,15,17,14,12,0,0,0,0,16,11,16,0,13,15,13,0,25,13,0,0,0,0,0,0,15,15,0,8,0,18,0,0,0,0,0,0,0,18,12,0,0,19,0,0,14,0,0,8,0,0,11,11,0,0,0,0,8,10,15,0,
0,12,0,19,18,0,11,13,0,15,17,14,12,0,0,0,0,16,11,16,0,13,16,13,16,25,13,0,0,17,0,0,19,15,15,0,8,0,18,0,0,0,0,0,0,0,0,12,0,0,19,0,0,14,0,0,8,0,0,11,11,0,0,0,0,0,11,0,0,
0,13,0,19,18,0,11,13,0,15,17,14,12,0,0,0,0,17,11,16,0,13,16,13,16,25,14,0,0,17,0,0,19,15,16,0,8,0,18,0,0,0,0,0,0,0,19,0,0,0,19,0,0,14,0,0,8,0,0,11,11,0,0,0,0,0,11,0,0,
0,14,0,19,18,0,11,13,0,0,17,14,13,15,0,0,0,17,12,16,0,13,16,13,16,25,14,0,22,17,0,0,19,15,16,0,8,0,18,0,0,0,0,0,0,0,19,0,0,0,19,0,0,0,0,0,9,0,0,11,11,0,0,0,0,0,11,0,0,
0,14,0,19,18,0,0,13,0,0,17,15,13,15,0,0,0,17,12,16,0,13,16,13,16,25,14,0,22,17,0,0,0,15,16,0,8,0,19,0,0,0,12,0,0,0,19,0,0,0,0,0,0,0,0,0,9,0,0,11,12,0,0,0,0,0,11,0,0,
0,14,0,0,19,0,0,14,0,0,18,15,13,15,0,0,0,17,12,16,0,0,16,0,16,25,14,0,22,17,0,0,0,15,16,0,0,0,19,0,0,0,12,0,0,0,19,0,0,0,20,0,0,0,0,0,9,0,0,11,12,0,0,0,0,0,11,0,0,
0,14,0,0,19,0,0,14,0,16,18,15,13,15,0,0,0,17,12,0,0,0,16,0,16,0,14,0,22,17,0,0,0,15,16,0,9,0,19,0,0,0,12,0,0,14,19,0,0,0,20,0,10,0,0,0,9,0,0,0,12,0,0,0,0,0,12,0,0,
0,14,0,0,19,0,0,14,0,16,18,15,13,0,0,0,0,17,12,0,0,0,0,0,16,26,14,0,22,0,0,0,0,16,16,0,9,0,19,21,0,16,12,0,0,14,0,0,0,0,20,0,10,0,15,0,9,0,0,0,12,0,0,0,0,9,12,0,0,
0,15,0,0,19,0,0,14,0,16,18,15,13,16,0,0,0,0,12,0,0,0,0,0,16,26,0,0,22,18,0,0,0,16,0,0,9,0,19,21,0,16,12,0,0,14,0,0,0,13,20,0,10,0,15,0,9,0,0,0,12,0,0,0,0,9,12,0,0,
0,16,0,20,19,0,0,14,0,16,18,15,13,16,0,0,0,0,12,17,0,0,0,0,17,26,0,0,23,18,0,0,0,16,0,0,9,0,19,21,0,16,12,0,0,14,0,0,12,13,20,0,10,0,15,0,0,0,0,0,12,0,0,0,0,9,12,0,0,
0,16,0,20,19,19,0,15,0,16,18,16,0,16,0,0,12,0,13,17,0,0,0,0,17,26,0,0,23,18,17,0,0,16,0,0,9,0,19,21,0,16,12,0,0,14,0,0,12,13,20,0,10,0,15,0,0,19,0,12,13,0,0,0,0,9,12,0,0,
0,16,0,20,0,19,0,15,0,16,18,17,0,16,0,0,12,0,13,17,0,0,0,0,17,26,0,0,23,18,17,0,0,16,0,0,0,0,0,21,0,16,12,0,0,14,0,0,12,0,21,0,11,0,15,0,0,19,0,12,13,0,0,0,0,9,12,0,0,
0,16,0,20,0,19,0,15,0,0,18,17,0,16,0,0,12,0,13,17,0,0,17,0,17,26,0,0,23,18,0,0,0,16,0,0,0,0,0,21,0,16,13,0,0,0,0,0,12,14,21,0,11,0,15,0,0,19,0,12,13,0,0,0,0,9,12,0,0,
0,0,0,20,0,19,0,15,0,17,19,17,0,16,0,0,12,0,13,17,0,0,17,0,17,0,0,0,23,18,0,0,0,0,0,0,0,0,0,22,0,16,13,0,0,15,0,0,12,14,21,12,11,0,15,0,0,19,0,12,13,19,0,0,13,0,0,0,0,
0,0,0,20,0,19,0,0,0,17,19,17,0,0,17,0,12,0,13,17,0,0,17,0,17,0,0,0,0,19,0,0,0,0,0,0,0,0,0,23,17,17,13,0,0,15,0,0,13,14,21,12,11,0,0,0,0,19,0,12,13,19,0,0,13,0,0,0,0,
0,0,0,21,0,19,0,0,0,17,19,17,0,0,17,0,12,0,13,17,0,0,17,0,17,0,0,0,0,19,0,0,0,0,0,0,0,0,0,23,17,17,13,0,0,15,0,0,13,14,21,12,11,0,16,0,0,19,0,12,13,19,0,0,13,0,0,0,0,
0,0,0,22,0,19,0,0,0,17,19,18,0,17,17,0,13,0,0,18,0,0,17,0,0,0,0,0,0,19,0,0,0,0,0,0,0,0,0,23,17,17,13,0,0,0,20,0,13,14,21,12,12,0,16,0,0,20,0,12,13,19,0,0,13,0,0,0,0,
0,0,0,22,0,20,0,0,0,17,19,18,0,17,17,0,13,18,0,18,0,0,17,0,0,0,0,0,0,19,18,0,20,0,0,0,0,0,0,23,17,17,13,0,0,0,20,0,13,14,21,12,12,0,16,0,0,20,0,13,13,19,0,0,13,0,0,0,0,
0,0,0,22,0,20,0,0,0,17,20,18,0,17,17,11,13,18,0,18,0,0,17,0,0,0,15,0,0,19,18,0,20,0,0,0,0,0,0,23,17,17,0,0,0,0,20,0,13,0,22,12,12,0,16,0,0,20,0,13,14,20,0,0,13,0,13,0,0,
0,0,0,22,0,20,0,0,0,0,20,18,0,17,17,11,13,18,0,18,0,0,18,0,18,0,15,0,0,19,18,0,20,0,0,0,0,0,0,23,17,17,0,0,0,16,20,0,0,0,22,13,12,0,16,0,0,20,0,13,14,21,0,0,13,0,13,0,0,
0,0,0,22,0,20,0,0,0,0,20,18,0,18,17,11,13,18,0,18,0,0,18,0,18,0,15,0,0,19,18,0,20,0,0,0,0,0,0,24,17,0,0,0,0,16,20,0,0,0,22,13,12,0,16,0,0,20,0,13,14,21,0,0,14,0,13,0,0,
0,0,0,22,0,20,0,0,0,0,20,19,14,18,18,11,13,18,0,18,0,0,18,0,18,0,15,0,0,20,18,0,20,0,0,0,0,0,0,24,0,0,0,0,0,16,20,0,0,0,22,13,12,0,16,0,0,20,0,13,14,21,0,0,14,0,13,0,0,
0,0,0,0,0,20,0,0,0,0,20,20,14,18,18,11,0,18,0,18,0,0,18,0,18,0,15,0,0,20,18,0,20,0,0,0,0,0,0,0,18,0,0,0,0,16,20,0,0,0,22,13,12,0,0,0,0,21,0,13,14,21,0,0,14,0,13,0,0,
15,0,16,0,0,0,0,0,0,0,21,20,14,18,18,11,0,19,0,0,0,0,18,0,18,0,16,0,0,20,18,0,20,0,0,0,10,0,0,0,18,0,0,0,0,16,21,0,0,0,22,13,13,0,0,0,0,21,0,0,14,21,0,0,14,0,0,0,0,
15,0,16,0,0,0,0,0,0,0,21,20,14,18,18,11,0,19,0,0,0,0,18,0,19,0,16,0,0,20,18,0,20,0,0,0,10,19,0,0,18,0,0,0,0,16,21,0,0,0,0,13,13,0,0,0,0,21,0,0,14,21,0,0,14,0,0,0,0,
15,0,16,0,0,0,0,0,0,0,21,20,14,18,18,0,0,19,0,0,0,0,18,0,19,27,16,0,0,20,0,0,20,0,0,0,10,19,0,0,18,0,0,16,0,0,21,0,0,0,0,0,13,0,0,0,0,0,0,0,14,22,0,0,14,0,0,0,0,
15,17,0,0,0,0,0,0,0,0,21,20,14,19,18,0,0,19,0,0,0,0,18,14,19,27,16,0,0,20,19,0,0,0,0,0,10,19,0,0,18,0,14,16,0,0,21,0,0,0,0,0,13,0,0,23,0,0,0,14,15,22,0,0,14,0,0,0,0,
15,17,17,0,0,0,0,0,0,0,21,20,14,20,0,0,0,19,0,0,0,0,18,14,19,27,16,0,0,20,19,20,21,0,0,0,10,19,20,0,18,0,14,16,0,0,21,0,0,0,0,0,13,0,0,23,0,0,0,14,15,22,0,0,0,0,0,0,0,
15,17,17,0,0,21,0,0,0,0,21,0,0,20,0,12,0,19,0,0,0,0,18,14,19,27,16,0,0,0,19,20,21,0,0,0,10,19,20,0,18,0,14,16,0,17,21,0,0,0,0,0,0,0,0,23,0,0,0,14,15,22,0,0,0,0,0,0,0,
15,17,17,0,0,21,0,0,0,0,21,0,15,20,0,12,0,19,0,0,0,0,0,14,19,27,0,0,0,21,19,20,21,0,0,0,10,19,20,0,18,0,14,16,19,17,22,0,0,0,0,0,14,0,17,23,0,0,0,14,15,23,0,0,0,0,0,0,0,
16,17,17,0,0,21,0,0,0,0,22,0,15,20,0,12,0,19,0,0,0,0,19,14,19,0,0,0,0,21,19,20,21,0,0,0,0,19,20,0,18,0,14,0,19,0,22,0,0,0,0,0,14,0,17,23,0,0,0,14,15,23,0,0,0,0,0,0,0,
16,17,17,0,20,21,12,16,0,0,22,0,15,20,0,12,0,19,0,0,0,14,19,14,20,0,0,0,0,21,19,20,21,17,0,0,11,20,20,0,19,0,0,0,19,0,22,0,14,0,0,0,14,0,17,23,0,0,0,14,15,23,0,0,0,0,0,0,0,
16,18,0,23,20,21,12,16,0,0,22,21,15,20,0,12,0,19,0,0,0,14,19,15,20,0,0,0,0,21,0,20,21,17,0,0,11,20,0,0,19,0,15,17,19,0,22,0,14,0,23,14,0,15,17,24,0,0,0,15,15,23,0,0,0,0,0,0,0,
16,18,0,23,20,21,12,16,0,0,22,21,15,0,0,12,0,0,0,0,0,0,19,15,20,0,0,0,0,21,0,20,0,17,0,0,11,20,21,0,19,0,15,17,19,0,22,0,14,0,23,14,0,15,17,25,0,0,0,15,15,23,0,0,0,10,0,0,0,
16,18,0,23,20,0,0,16,0,0,22,21,15,0,0,0,0,20,14,0,0,0,0,15,20,0,0,0,0,21,0,21,0,17,0,0,11,20,21,0,19,18,15,17,19,0,22,0,14,0,23,14,0,15,17,25,0,0,0,15,0,0,0,0,0,10,0,0,0,
16,18,0,0,20,0,0,16,0,0,22,0,15,0,0,0,0,20,14,0,0,0,20,15,20,0,0,0,0,22,0,21,0,17,0,0,11,20,21,0,19,18,15,17,20,0,0,0,14,15,23,14,0,0,17,25,0,0,0,15,0,0,0,0,0,10,0,0,0,
16,18,0,0,20,22,0,16,0,0,0,22,0,0,0,0,0,20,14,0,0,15,20,15,20,0,0,0,24,22,0,21,0,17,0,0,11,20,21,0,19,18,15,17,20,0,23,0,14,15,23,14,0,0,18,25,0,0,0,15,0,0,0,0,0,10,0,0,0,
17,19,0,0,20,22,0,17,18,0,0,22,0,0,0,0,0,20,14,0,0,15,20,15,0,0,0,0,24,22,0,21,0,0,0,19,0,20,0,0,19,18,15,17,20,0,23,0,14,15,24,14,15,16,18,25,10,0,0,15,16,0,0,0,0,10,0,0,0,
17,19,0,0,21,22,0,17,18,0,0,22,0,0,0,0,14,20,14,19,0,15,0,15,21,0,0,0,24,22,0,21,0,18,0,19,0,21,0,0,19,18,15,18,20,0,23,0,0,15,24,0,15,16,18,25,10,0,0,15,16,0,0,0,0,10,0,0,0,
17,19,0,24,21,22,0,17,18,0,0,0,0,0,0,13,14,0,0,19,0,15,21,0,21,0,0,14,24,22,0,21,0,18,0,19,0,21,0,0,0,18,15,18,20,0,23,0,0,15,24,15,15,16,18,0,10,0,0,0,16,0,0,0,0,10,0,0,0,
0,0,0,24,21,22,0,17,18,0,0,23,16,0,0,13,14,0,0,19,0,15,21,0,21,0,0,14,24,22,0,21,0,18,0,19,0,21,0,0,0,18,0,18,21,0,0,0,0,15,24,15,15,16,18,0,10,0,0,0,16,0,0,0,0,0,14,0,0,
0,0,0,24,21,22,13,17,18,18,0,23,16,0,0,13,14,21,0,19,0,15,21,16,21,0,0,14,24,22,0,22,0,18,17,19,0,21,0,0,0,19,16,18,21,0,24,0,15,0,24,15,15,0,18,0,10,0,0,0,16,0,0,0,0,0,14,0,0,
0,0,0,24,21,22,13,17,19,18,0,23,16,0,0,13,14,21,0,19,0,15,21,16,21,28,0,14,24,22,0,22,0,18,17,19,0,21,0,0,0,19,16,18,21,0,24,0,15,0,0,15,0,0,18,0,10,0,0,0,16,0,0,0,0,11,14,0,0,
0,0,0,24,21,22,13,0,19,18,0,23,16,0,0,13,14,21,0,19,0,16,0,16,21,28,0,14,0,22,0,22,0,18,17,19,0,21,0,0,0,19,16,18,21,0,24,0,15,0,0,15,0,0,0,0,10,0,0,0,0,0,0,0,0,11,14,0,18,
0,0,0,0,21,22,13,0,19,18,0,23,16,0,0,13,14,21,0,20,14,16,0,16,21,28,0,14,25,22,0,22,0,18,17,0,0,21,0,0,0,19,16,0,0,0,24,0,15,16,25,15,0,0,0,0,11,0,0,0,17,0,0,0,0,11,0,0,18,
0,0,0,0,0,22,13,0,19,18,0,23,0,0,19,13,14,21,0,20,14,16,0,16,22,28,0,15,25,22,0,0,0,18,17,20,12,21,0,0,0,19,16,0,0,0,0,0,15,16,25,0,0,0,19,0,11,0,0,0,17,0,0,0,0,11,0,0,18,
0,0,0,0,22,23,0,0,19,18,0,0,17,0,19,14,0,21,0,20,14,16,0,16,22,28,0,15,25,23,0,23,0,18,17,20,12,22,0,0,0,19,16,0,0,18,0,0,15,16,25,0,0,0,19,0,11,0,0,0,17,0,0,0,0,11,15,0,18,
0,0,0,0,22,23,14,0,19,19,0,0,17,0,19,14,0,22,0,20,14,0,22,16,22,0,0,15,25,23,0,23,0,18,18,20,12,22,0,0,0,20,0,0,0,18,0,0,15,16,25,16,0,17,19,0,11,22,0,0,17,0,0,0,0,11,15,0,18,
0,0,0,0,22,23,14,0,19,19,0,0,17,0,19,14,15,22,0,20,0,17,22,0,22,0,0,15,25,23,0,23,0,0,18,20,12,22,0,0,0,20,0,0,0,18,0,0,0,16,25,16,0,17,19,0,11,22,0,0,17,0,0,0,0,11,15,0,18,
0,20,18,0,22,23,14,0,20,19,0,0,17,0,19,14,15,22,15,20,15,17,22,17,22,0,0,15,25,23,20,0,0,0,18,20,12,22,22,0,0,20,0,0,0,18,0,0,0,16,25,16,0,17,0,0,11,22,0,0,17,0,0,0,0,11,0,0,19,
0,20,18,0,22,23,14,0,20,19,0,0,17,0,19,14,15,22,15,0,15,17,22,17,22,0,0,15,25,23,20,24,0,0,18,20,12,22,22,25,0,0,0,0,0,18,25,0,0,16,25,16,0,17,20,0,11,22,0,0,0,0,0,0,0,0,0,0,19,
0,20,18,0,0,23,14,0,20,19,0,0,17,21,19,14,15,22,15,0,15,17,22,17,23,0,17,16,25,23,20,24,22,0,18,20,13,22,22,25,0,0,0,0,22,18,25,0,0,0,26,0,0,17,20,0,0,22,0,0,0,0,0,0,0,0,0,0,19,
0,20,18,0,23,23,0,0,20,19,0,0,0,21,20,0,15,0,15,0,15,17,22,17,23,0,17,16,26,23,20,24,22,0,18,0,13,22,22,25,0,0,0,0,22,19,25,0,0,0,26,0,0,17,20,0,0,22,0,0,0,24,0,0,15,0,0,0,19,
0,20,18,0,23,0,0,0,20,19,0,0,0,21,20,0,15,0,15,0,15,17,22,17,23,0,17,0,26,24,20,0,22,0,18,0,13,22,22,25,0,0,0,0,0,19,25,0,0,0,26,0,0,17,20,0,0,22,0,0,0,24,0,0,15,12,16,0,19,
0,20,18,0,23,0,15,0,20,20,0,0,0,21,20,0,0,0,15,0,15,17,23,17,23,0,17,0,26,24,20,0,22,0,0,0,13,23,22,25,0,0,0,0,0,19,25,0,0,0,26,0,0,17,20,26,0,0,0,0,0,24,0,0,15,12,16,16,19,
0,20,18,25,23,0,15,0,0,20,0,0,0,21,20,0,0,0,15,0,0,0,23,17,23,0,17,17,26,24,21,0,22,0,0,0,13,23,22,25,0,0,0,0,0,19,0,0,0,0,26,0,0,18,20,26,0,0,0,0,0,24,0,0,15,12,16,16,0,
0,21,19,25,23,0,0,18,0,20,0,0,0,21,20,0,0,0,15,0,0,0,23,17,23,0,17,17,26,24,21,0,22,0,0,0,13,23,22,0,0,0,0,0,0,19,0,0,0,0,26,0,0,18,0,26,0,23,0,0,0,24,0,0,15,12,16,16,0,
0,21,20,25,23,0,0,18,0,20,0,0,0,21,20,0,0,0,15,0,0,18,23,0,23,0,17,17,26,24,21,0,23,19,19,0,0,23,23,26,0,0,0,0,0,0,0,0,0,0,26,0,0,18,0,26,0,23,0,0,0,24,0,0,0,12,16,16,0,
0,21,20,25,0,0,16,18,0,20,0,0,0,22,21,0,0,0,0,0,0,18,23,0,23,0,18,17,26,24,21,0,23,19,19,0,14,24,23,26,0,0,0,0,0,0,0,0,0,0,0,0,0,18,0,26,0,23,0,0,18,24,0,0,0,12,16,16,0,
0,21,20,25,24,0,16,18,0,20,0,0,0,22,21,0,0,0,0,0,16,18,23,0,24,0,18,17,27,24,21,0,23,19,19,21,14,24,23,26,0,0,0,0,0,0,0,0,0,0,0,0,0,18,0,26,0,23,0,0,18,0,0,0,0,13,17,16,0,
0,21,20,26,24,0,16,18,0,20,23,0,0,22,21,0,0,0,0,0,16,18,0,0,24,0,18,17,27,0,21,0,23,19,19,21,14,24,23,26,0,0,0,19,0,0,0,0,0,0,0,0,0,18,0,26,0,23,0,0,18,25,0,0,0,13,17,16,0,
0,21,20,26,24,0,16,18,0,21,23,0,0,22,21,0,0,0,0,0,16,18,0,0,24,0,18,18,27,25,21,0,23,19,19,21,14,24,23,26,0,0,17,19,0,0,0,0,0,0,0,0,0,0,21,27,0,0,0,0,18,25,0,0,0,13,17,16,0,
0,0,20,26,24,0,16,18,0,21,23,24,0,22,21,0,0,0,0,0,0,18,0,0,24,0,18,18,27,25,21,0,23,0,19,0,14,24,23,26,0,0,17,19,0,0,0,0,0,0,0,0,0,0,21,27,12,0,0,0,18,25,0,0,0,13,17,16,0,
0,22,0,26,24,0,17,19,0,21,23,24,0,22,22,0,0,0,0,0,17,0,0,0,24,0,18,18,27,25,21,0,24,20,20,0,14,24,23,26,20,0,17,19,0,0,26,0,16,0,0,0,0,0,21,27,12,0,0,0,18,25,0,0,0,13,17,16,0,
0,22,0,26,24,0,17,19,0,21,23,0,0,22,22,0,0,23,16,0,17,0,24,0,24,0,18,18,27,25,21,0,24,20,20,0,14,0,0,0,20,0,17,19,0,0,26,0,16,0,0,0,0,0,21,27,12,0,0,0,19,26,0,0,0,13,18,0,0,
0,22,0,26,24,0,17,19,0,21,24,25,0,0,22,0,0,23,16,0,17,0,24,0,0,0,0,18,0,25,0,25,24,20,20,0,14,0,0,27,20,0,17,19,0,0,26,0,16,0,0,0,0,0,21,27,0,0,0,0,19,26,0,0,0,14,18,0,0,
0,22,0,27,25,0,17,19,0,22,24,25,0,23,22,0,0,23,16,0,0,0,24,0,0,0,0,18,0,25,22,25,24,20,20,0,0,0,0,27,20,0,17,0,0,0,26,0,16,0,0,0,0,0,21,27,13,0,0,0,19,26,0,0,0,14,18,17,0,
0,0,0,27,25,0,17,19,21,22,24,25,0,23,22,15,0,23,16,0,0,0,24,0,25,0,0,0,0,26,22,0,24,20,20,0,0,0,0,27,20,0,18,20,0,20,27,0,16,17,0,0,16,19,21,27,13,0,0,0,19,26,0,0,0,14,18,17,0,
0,0,0,27,25,0,17,19,21,22,24,25,0,23,22,15,0,23,16,0,0,0,24,0,25,0,0,0,0,26,22,0,24,20,20,0,0,0,0,27,0,0,18,20,0,20,27,0,16,17,0,0,16,19,22,27,13,24,0,0,19,0,0,0,16,14,18,17,0,
0,23,0,27,25,0,18,0,21,22,0,25,0,23,0,15,0,24,16,0,0,0,24,0,25,0,0,0,0,26,22,26,25,0,20,0,0,0,0,27,0,0,18,20,0,20,27,0,16,17,0,0,16,19,22,27,13,24,0,0,19,27,0,0,16,14,19,0,0,
0,23,21,27,25,0,18,0,21,22,0,0,18,23,0,15,0,24,0,0,0,0,25,0,25,0,0,0,0,26,22,26,25,0,20,0,0,0,0,27,0,0,18,20,0,20,27,0,16,17,0,0,16,19,22,27,0,24,0,0,20,27,0,0,16,14,19,0,0,
0,23,21,27,25,0,18,0,21,0,0,0,18,23,0,15,0,24,17,0,0,0,25,0,25,0,0,0,0,26,22,26,25,0,21,0,15,0,0,0,0,0,18,20,0,20,27,0,16,17,27,0,16,19,22,27,0,24,0,0,20,27,0,0,16,15,19,0,0,
0,23,21,0,0,0,18,0,21,0,0,0,18,0,0,15,0,24,17,0,0,0,25,0,25,0,0,0,0,26,0,26,25,0,21,22,15,0,0,0,0,0,18,20,0,0,27,0,0,17,27,0,16,0,22,0,14,24,0,0,20,27,0,0,16,15,19,0,0,
0,0,21,28,0,0,18,0,21,0,0,0,18,0,0,16,0,24,17,0,0,0,25,0,26,0,0,0,0,26,23,26,26,21,21,22,15,0,24,0,0,0,18,0,0,21,28,0,17,17,27,0,17,20,22,28,14,24,0,0,0,27,0,0,16,15,19,0,0,
0,0,21,28,0,0,18,0,0,0,0,0,18,0,0,16,0,24,17,21,0,0,25,0,26,0,0,0,0,27,23,26,26,21,21,22,15,0,24,0,0,0,19,0,0,21,28,0,17,18,27,0,17,20,22,28,0,25,14,0,0,27,0,0,16,15,0,0,0,
0,24,21,28,0,0,0,20,0,0,0,0,18,0,0,16,0,24,17,21,18,0,0,0,26,0,0,19,0,27,23,26,26,21,21,0,15,0,24,0,0,0,19,0,0,21,28,0,17,18,27,0,17,20,0,28,0,25,14,0,0,0,0,0,17,15,0,0,0,
0,24,0,28,0,24,0,20,22,0,0,26,18,0,0,16,0,24,17,0,18,0,0,0,26,0,0,19,0,27,23,27,26,21,21,23,15,0,24,0,0,0,19,0,0,21,28,0,17,18,27,0,17,20,0,28,0,25,14,0,0,0,0,0,17,15,0,0,0,
0,24,22,28,0,24,0,20,22,0,0,26,19,24,0,16,0,24,17,0,18,0,0,18,26,0,0,19,0,27,23,27,26,21,0,23,15,0,24,28,0,0,19,0,0,21,28,0,17,18,0,0,17,20,0,28,0,25,0,0,0,0,0,0,17,16,0,0,0,
0,24,22,28,26,24,0,20,22,0,0,26,19,24,0,0,0,24,17,0,18,0,0,18,26,0,0,19,0,27,23,27,26,21,0,23,15,0,24,28,21,0,19,0,0,21,28,0,17,18,28,0,17,0,23,28,0,25,0,0,0,0,0,0,17,16,0,0,0,
0,0,22,28,26,24,0,20,22,0,0,26,19,24,0,0,0,25,18,0,18,0,0,18,27,0,19,19,0,27,23,27,27,21,0,23,15,0,25,28,21,0,19,0,0,21,0,0,17,18,28,0,17,0,23,0,0,25,15,0,21,0,0,0,17,16,20,0,0,
0,0,22,29,26,24,0,20,22,0,0,26,19,24,0,0,0,25,18,0,18,0,0,18,27,0,19,19,0,0,24,27,27,0,0,0,16,0,25,28,21,0,19,0,0,21,0,13,0,18,28,0,18,0,0,0,0,26,15,16,21,0,0,0,17,16,20,0,0,
0,0,22,29,26,24,0,20,22,0,0,26,19,24,0,0,0,25,18,0,18,0,0,18,27,0,19,19,0,0,24,27,27,0,22,0,16,0,25,28,21,0,0,0,0,21,0,13,0,0,28,0,18,0,0,0,15,26,15,16,21,0,0,0,0,16,20,0,0,
0,0,22,29,26,25,0,21,22,0,25,26,20,24,0,0,0,25,18,0,0,0,0,18,27,0,19,20,0,0,24,27,27,22,22,0,16,0,25,29,21,0,0,0,0,21,0,13,0,0,28,0,18,0,0,0,15,26,15,16,21,0,0,0,0,16,20,0,0,
0,0,0,29,26,25,0,21,0,0,25,0,20,25,0,0,0,25,18,0,0,0,0,19,27,0,19,20,0,0,24,0,27,22,22,0,16,0,25,29,21,21,0,0,0,22,0,0,0,0,28,0,18,0,0,0,15,26,0,16,21,0,0,12,0,16,0,18,0,
0,0,0,29,27,25,0,21,0,0,25,0,20,25,0,0,0,25,18,0,0,0,26,19,27,0,19,20,28,0,24,0,27,22,22,0,16,0,25,29,21,21,0,0,23,22,0,0,0,0,28,0,18,0,0,0,0,0,0,16,21,0,0,12,0,17,0,18,0,
0,0,0,29,27,25,0,21,0,0,25,0,20,25,0,0,0,0,19,0,0,0,26,19,27,0,0,20,28,0,24,0,0,22,22,0,16,0,25,29,0,21,20,0,23,22,29,0,0,0,0,0,18,0,0,0,0,0,0,16,21,0,0,12,0,17,0,18,0,
0,0,0,0,27,25,0,21,0,0,25,0,20,25,0,0,0,0,19,0,0,0,26,19,27,0,20,20,28,28,0,28,0,0,22,0,16,0,25,29,22,21,20,0,23,22,29,0,0,0,0,17,19,0,0,0,0,0,0,16,21,0,0,12,0,17,0,18,0,
0,0,0,0,27,25,0,21,0,0,25,0,20,25,0,0,0,0,19,0,0,0,26,19,27,29,20,20,28,28,0,28,0,0,0,0,0,0,25,29,22,21,20,0,23,23,29,0,0,0,0,17,19,0,0,0,0,0,0,17,0,0,0,12,0,17,21,18,0,
0,0,0,30,27,0,0,0,0,0,25,0,20,25,0,0,0,0,19,0,0,0,26,19,0,29,20,20,28,28,0,28,28,0,23,0,0,0,0,0,22,21,20,0,23,23,29,0,0,0,0,17,19,0,0,0,0,0,0,17,22,0,0,0,0,17,21,18,0,
0,0,0,30,0,0,0,0,23,0,26,27,20,25,0,0,0,0,19,0,0,19,0,20,28,29,20,0,28,28,0,28,28,0,23,0,0,0,26,0,22,22,20,0,23,23,29,0,0,0,0,17,19,0,24,0,0,0,0,17,22,0,0,0,0,17,21,18,0,
0,0,23,30,0,0,0,0,23,0,26,27,20,25,0,0,0,0,19,0,0,19,27,20,28,29,20,0,0,28,0,28,28,0,23,0,0,0,26,0,22,22,20,0,0,23,29,0,18,0,0,17,19,0,24,0,0,0,0,17,22,0,0,13,0,17,21,18,0,
0,0,23,30,28,0,0,0,0,0,26,27,21,0,23,0,0,0,0,0,0,19,27,20,28,29,20,0,29,0,25,28,28,0,23,0,0,25,26,0,22,22,21,21,0,0,29,0,18,0,29,17,0,0,24,0,0,0,0,17,22,0,0,13,0,17,21,19,0,
0,0,23,30,28,0,0,0,24,0,26,27,21,0,23,0,0,0,0,0,0,19,27,20,28,0,20,0,29,0,25,28,28,0,23,0,0,25,26,0,0,22,21,21,24,24,30,0,18,0,29,17,0,0,24,0,0,0,16,17,22,28,20,13,0,18,0,19,0,
0,0,23,30,28,0,0,0,24,0,26,27,21,0,23,0,0,0,0,0,0,19,0,0,28,30,21,21,29,0,25,0,28,0,23,0,0,25,26,0,0,22,21,21,24,24,30,0,18,0,29,17,0,0,0,0,0,0,16,0,22,28,20,13,0,18,0,19,0,
0,25,23,30,28,0,0,0,24,0,26,27,21,0,23,0,0,0,0,0,0,20,0,0,28,30,21,21,29,0,25,0,29,0,23,0,0,25,26,0,0,22,21,0,24,24,30,0,18,0,0,0,0,0,0,0,0,0,16,0,0,28,20,0,0,18,0,19,0,
0,25,23,31,28,0,0,0,24,0,0,28,21,0,23,0,0,0,0,0,0,20,28,0,28,30,21,21,29,29,25,0,29,23,23,0,0,25,26,0,0,22,21,0,24,0,30,0,18,0,0,0,0,0,25,0,0,0,16,0,0,0,20,0,18,18,0,19,20,
0,25,24,31,28,0,0,0,0,0,0,28,21,0,24,0,0,0,0,0,0,20,28,0,29,30,21,21,29,29,25,0,29,23,0,0,0,25,0,0,0,0,21,22,0,25,30,0,0,19,0,0,0,0,25,0,0,0,16,0,0,0,20,0,18,18,0,19,20,
0,0,24,31,29,0,0,0,0,23,0,28,21,0,25,0,0,0,0,0,0,20,28,0,29,30,21,21,0,29,25,0,29,23,0,0,0,25,0,0,0,0,22,22,0,25,30,0,0,19,0,0,0,0,0,0,0,0,16,0,0,0,20,0,18,18,0,0,20,
0,26,24,31,29,0,0,0,25,23,0,28,21,26,25,0,0,0,20,0,0,20,28,0,29,0,21,21,0,29,26,0,29,23,0,0,0,0,0,0,0,0,22,0,0,25,0,0,0,0,0,0,0,0,0,0,0,0,17,0,0,0,20,0,18,0,0,0,20,
0,26,24,31,29,0,0,0,25,23,0,28,0,26,25,0,0,0,20,0,0,20,28,0,29,0,0,21,0,29,26,0,29,23,0,0,17,0,0,0,0,23,22,0,0,0,0,0,0,0,0,18,0,0,0,0,0,0,17,0,0,0,21,0,18,0,0,0,20,
0,26,24,31,29,0,0,0,25,23,0,29,0,26,25,0,0,0,20,0,0,21,28,0,29,0,0,22,30,29,26,0,29,23,0,0,17,0,0,0,0,23,0,0,0,0,0,0,0,20,30,18,0,0,0,0,0,0,17,0,0,0,21,0,18,0,0,0,21,
0,26,0,0,29,0,0,22,0,23,0,29,0,26,25,0,0,0,20,0,0,21,28,0,30,0,0,22,30,30,26,0,30,23,0,0,17,0,0,0,0,23,0,0,0,0,0,0,0,20,30,18,0,0,0,0,0,0,17,0,0,0,21,0,19,0,0,0,21,
0,0,0,0,29,26,0,22,0,23,0,29,0,26,25,0,0,0,20,0,0,21,28,0,30,0,0,22,30,30,26,0,30,24,0,0,17,0,0,0,0,23,0,0,25,0,0,0,19,20,0,0,0,0,0,0,0,0,17,0,0,0,21,0,19,0,0,0,21,
0,0,0,0,30,26,0,22,0,23,0,29,0,26,26,0,0,0,20,0,0,21,28,0,30,0,0,22,30,30,0,0,30,24,0,0,17,0,0,0,0,23,0,0,25,0,0,0,19,20,0,0,0,21,0,0,0,0,17,0,0,29,21,0,19,0,0,0,21,
0,0,0,0,30,26,0,22,0,0,27,29,0,0,26,0,0,0,0,22,0,21,29,0,30,0,0,22,30,30,0,0,30,24,0,0,17,26,0,0,0,23,0,0,25,26,0,0,19,0,0,19,0,21,0,0,0,27,0,0,0,29,21,0,19,0,22,0,21,
0,0,0,0,30,26,0,22,0,0,27,0,0,0,26,0,0,0,0,22,0,22,29,0,30,0,0,0,31,30,0,0,30,24,0,0,0,26,0,0,0,0,0,0,25,26,31,0,19,21,0,19,0,21,26,0,0,27,0,0,0,29,0,0,19,0,22,0,0,
0,0,0,0,30,26,19,22,0,24,27,0,0,0,26,0,0,0,0,22,0,22,29,0,30,0,0,0,31,30,0,0,31,24,0,0,18,26,0,0,0,24,0,0,25,0,31,0,19,21,0,0,0,21,26,0,0,27,0,0,0,0,0,0,19,0,22,0,0,
0,0,0,0,0,27,19,22,0,24,27,0,22,0,26,0,0,0,0,22,0,22,29,0,0,0,0,23,31,31,0,0,31,24,0,0,18,26,0,0,0,24,23,0,25,0,31,0,19,21,0,20,0,21,26,0,0,27,0,0,0,0,0,0,19,0,22,0,0,
0,0,0,0,0,27,19,23,0,24,27,0,22,0,26,0,0,0,0,22,0,22,29,0,0,0,0,23,31,31,0,0,31,24,0,0,18,26,0,0,0,24,23,0,0,27,31,0,19,21,0,20,0,0,26,0,0,27,0,0,0,30,0,0,19,0,0,0,0,
0,0,0,32,0,27,19,23,0,24,27,0,22,0,26,0,0,0,0,22,0,0,29,0,0,0,22,23,0,31,0,0,31,24,0,0,18,26,27,0,0,24,23,0,0,27,31,0,0,0,0,20,0,0,0,29,0,27,0,0,0,30,0,0,20,0,0,0,0,
0,0,0,32,0,27,19,23,0,24,27,0,22,0,26,17,0,0,0,23,0,0,0,0,0,31,22,23,0,31,0,0,31,25,0,0,18,0,27,0,0,24,23,0,0,27,31,0,0,0,0,20,0,0,0,29,0,27,0,0,0,30,0,0,20,0,23,0,0,
0,0,0,32,0,27,19,23,0,24,0,0,0,0,26,17,0,0,0,23,0,0,0,0,31,31,22,23,0,31,0,0,31,25,0,0,18,0,27,0,0,24,23,0,0,27,32,0,0,0,0,20,20,0,0,29,0,28,0,0,0,0,0,0,20,0,23,0,0,
18,0,0,32,0,27,20,23,0,24,0,0,23,0,0,17,0,0,0,23,0,0,0,0,31,31,22,23,0,31,27,0,32,25,0,0,0,0,27,0,0,0,0,0,0,0,32,0,0,0,0,20,20,0,0,29,0,28,0,0,0,0,0,0,20,0,23,0,0,
18,0,0,32,0,27,20,23,0,0,0,0,23,0,0,17,0,0,0,23,0,0,0,0,31,0,22,23,0,0,27,0,32,25,24,0,0,0,27,0,0,0,24,0,0,0,32,0,0,22,0,0,20,0,0,30,0,28,0,0,0,0,0,0,20,0,0,0,0,
18,27,25,32,0,27,20,23,26,0,28,0,23,0,0,17,0,0,0,23,0,23,0,0,31,32,22,24,0,0,27,0,32,25,24,0,0,0,27,0,0,0,24,23,0,0,32,0,0,22,0,0,20,0,0,30,0,28,0,0,0,31,0,0,20,0,0,0,0,
18,27,25,32,0,27,20,23,26,0,28,0,23,0,0,17,0,0,0,23,0,23,0,0,31,32,23,24,0,0,27,0,32,25,24,24,0,0,28,0,0,0,24,23,0,0,32,0,0,22,0,0,20,0,0,30,0,28,0,0,0,31,0,0,0,0,0,0,0,
18,27,25,33,31,27,20,23,26,0,28,0,0,0,27,0,0,26,0,23,0,23,0,0,0,32,23,24,0,0,27,0,32,25,24,24,19,0,28,0,0,0,24,0,0,0,32,14,0,22,0,21,20,22,0,30,0,28,0,0,23,31,0,0,0,0,0,0,0,
18,27,25,33,31,0,21,23,26,0,28,0,24,0,27,0,0,26,0,24,0,23,0,0,0,32,23,24,0,0,27,0,32,26,24,24,19,0,28,30,23,0,24,0,0,0,32,14,0,0,0,21,20,22,0,0,0,0,0,0,23,31,0,0,0,0,0,0,0,
18,27,25,33,0,0,22,24,26,0,28,0,24,0,27,0,0,26,0,24,0,23,0,0,32,32,23,24,0,0,28,0,32,26,24,24,19,0,28,30,23,0,0,24,0,0,0,14,20,0,31,21,21,22,0,0,0,0,0,0,23,31,0,0,0,0,0,0,0,
19,27,25,33,0,0,22,24,26,0,28,0,24,0,27,0,0,26,0,24,0,23,0,21,32,32,23,24,32,0,28,0,33,26,24,24,19,0,28,30,23,0,0,24,26,0,0,14,20,23,31,0,21,22,27,0,0,0,0,0,23,31,0,0,21,0,0,0,0,
19,27,26,33,32,0,22,24,26,0,28,0,24,27,27,0,0,26,0,24,0,23,0,21,32,0,23,24,32,0,28,29,33,26,25,24,19,0,29,30,23,25,0,24,26,0,0,14,20,23,31,0,21,22,27,0,0,0,0,0,23,31,0,0,21,0,0,0,0,
19,27,26,33,32,0,22,24,27,0,28,0,24,27,27,18,0,0,0,24,0,24,0,0,32,0,0,24,32,0,28,29,33,26,25,0,19,0,29,30,0,25,0,24,26,0,0,14,20,23,31,22,21,22,27,0,0,0,0,0,23,0,0,0,21,0,24,0,0,
19,27,26,34,32,0,22,24,27,0,0,0,24,27,0,18,0,27,21,25,0,24,0,0,32,0,0,24,32,0,28,29,33,26,25,0,19,0,29,30,0,25,0,0,26,0,0,15,20,0,32,22,21,0,27,0,0,0,0,0,24,0,0,0,21,0,24,0,0,
19,28,26,34,0,0,0,24,27,0,0,0,24,27,0,18,0,27,21,25,19,24,0,0,32,0,0,24,32,0,28,0,33,26,25,0,20,0,0,31,0,25,0,25,26,0,0,15,20,0,32,22,0,0,27,0,16,0,0,0,24,0,0,0,21,0,24,0,0,
19,28,26,34,0,0,0,24,27,0,0,0,24,28,0,18,0,27,21,25,19,24,0,0,0,0,0,25,32,0,28,30,34,0,25,0,20,0,0,31,0,25,25,25,26,0,0,15,20,0,32,0,0,0,27,0,16,0,0,0,24,0,0,0,21,0,0,0,0,
19,28,26,34,0,0,0,0,0,0,0,0,0,28,0,18,0,27,21,25,19,24,0,22,0,0,0,25,0,32,0,30,35,0,25,0,20,0,0,31,0,25,25,25,27,0,0,15,20,0,32,0,0,0,0,0,0,0,0,0,24,0,0,0,21,0,0,0,0,
0,28,0,34,0,0,0,0,0,0,29,0,25,28,28,18,0,0,21,25,19,24,0,22,0,0,0,25,0,32,0,30,35,0,25,25,20,27,0,31,0,25,25,25,27,0,0,15,21,24,32,0,0,0,0,31,0,0,0,0,24,0,0,0,22,0,0,0,0,
0,28,0,34,0,28,0,0,0,0,29,0,25,28,28,0,0,0,21,25,19,24,0,22,0,0,0,25,33,32,0,30,35,0,25,25,20,27,0,31,0,26,25,25,27,0,0,15,21,24,32,0,0,0,28,31,0,0,0,0,24,0,0,0,22,0,25,0,0,
0,28,0,0,0,28,0,0,0,0,29,0,25,28,28,19,0,0,21,0,19,24,0,22,0,0,0,25,33,32,0,0,35,0,0,25,20,27,0,31,0,26,25,25,27,0,33,15,21,24,0,0,0,0,28,31,0,0,0,0,0,32,0,0,22,0,25,0,0,
0,28,0,0,0,28,0,0,0,0,0,0,25,29,28,19,0,0,0,0,20,25,0,22,0,0,0,25,33,32,0,0,0,0,0,25,20,27,0,31,0,26,0,25,27,0,33,0,21,24,0,0,0,0,28,31,0,0,0,0,0,32,0,0,22,0,25,0,0,
0,0,0,0,0,28,0,0,0,0,0,30,25,30,28,19,0,0,0,0,21,25,0,0,0,0,24,0,33,33,0,0,0,0,26,25,0,27,0,32,0,26,26,25,27,0,33,0,21,24,0,0,0,0,28,31,0,0,0,0,0,32,0,0,22,0,0,0,0,
0,0,0,0,0,28,0,0,0,0,0,30,25,30,28,0,0,0,22,26,21,25,0,0,0,0,24,0,33,33,29,0,0,27,26,0,0,0,0,32,0,26,26,26,27,0,33,16,21,24,0,0,0,0,28,31,0,0,0,0,0,32,0,0,22,0,0,0,0,
0,0,0,0,0,0,23,0,0,0,0,30,25,30,0,0,0,0,22,26,21,25,0,0,0,0,24,0,33,33,29,0,0,27,26,0,0,0,0,32,0,26,26,26,0,0,33,16,21,24,0,0,0,0,28,0,0,0,0,0,0,32,0,0,0,0,0,0,0,
0,0,0,0,0,0,23,0,0,0,0,30,0,30,29,0,0,0,0,26,21,25,0,0,0,0,24,0,0,33,29,0,0,27,0,0,0,28,0,32,0,0,26,26,0,0,0,16,21,24,0,0,0,0,0,0,0,0,0,0,25,0,0,0,0,0,0,0,0,
0,0,0,0,0,0,23,0,0,0,30,30,0,30,29,0,0,0,23,26,21,25,30,0,0,0,24,0,0,33,29,0,0,27,0,0,0,28,0,32,0,0,26,26,0,0,0,16,0,25,0,0,0,0,0,0,0,0,0,0,25,0,0,14,0,0,0,0,0,
0,0,0,0,33,0,0,0,28,25,30,30,0,31,29,0,0,0,23,26,21,25,30,0,0,0,24,0,0,33,29,0,0,27,0,0,0,28,30,32,0,0,26,26,0,0,0,16,0,25,0,0,0,0,0,0,0,0,0,0,25,33,0,14,0,0,0,0,0,
0,0,0,0,33,29,0,0,28,25,30,31,0,31,29,0,0,0,23,26,22,26,30,0,0,0,24,0,0,0,30,0,0,27,0,0,0,0,30,0,0,0,0,26,0,0,0,16,0,25,0,0,0,0,0,0,0,0,0,0,25,33,0,14,0,0,0,0,0,
0,0,0,0,33,29,0,0,28,25,30,31,0,31,30,0,0,0,23,27,22,26,30,0,0,0,25,0,0,0,30,0,36,28,0,0,0,0,30,0,0,0,0,26,0,0,0,16,0,25,0,0,0,0,0,0,0,0,0,0,0,33,0,14,0,19,0,0,0,
0,0,0,0,33,29,0,0,28,0,30,31,26,0,30,20,0,0,23,27,22,26,30,0,0,33,25,0,0,0,30,0,36,28,27,0,0,0,30,0,0,0,0,0,0,0,0,17,0,25,0,0,0,0,29,0,0,0,0,0,0,33,0,14,0,19,0,0,0,
0,0,27,0,33,29,0,0,28,26,0,31,26,0,30,20,0,0,23,27,0,26,30,23,33,33,25,0,0,0,30,0,36,28,27,0,0,0,30,33,24,0,0,0,28,28,34,17,0,25,0,0,0,0,29,0,0,0,0,0,0,33,0,14,0,19,0,0,0,
0,0,27,0,33,29,0,0,29,26,31,31,26,0,30,20,0,0,23,27,0,26,31,23,33,33,25,0,0,0,30,0,0,28,27,0,0,0,30,33,24,0,0,0,28,28,34,17,0,0,0,0,0,0,29,0,0,0,0,0,0,33,0,15,0,19,0,0,0,
0,0,27,0,34,29,0,0,29,26,31,31,26,0,30,20,0,28,23,27,0,26,31,0,33,0,25,0,0,0,30,0,0,28,27,0,0,0,0,33,24,0,0,0,28,28,34,17,22,0,0,0,0,0,29,0,0,0,0,0,0,0,0,15,0,19,0,20,0,
0,0,27,0,34,29,0,0,29,26,31,31,26,0,30,20,0,28,24,27,0,26,31,0,33,0,25,0,0,0,0,0,37,0,0,0,0,0,0,33,24,0,0,0,28,28,34,17,22,0,0,0,0,0,29,0,0,0,0,0,0,0,0,15,0,0,0,20,0,
0,0,0,0,34,29,0,0,29,26,31,31,26,0,30,20,0,28,24,28,0,27,31,24,34,34,0,0,0,34,0,0,37,0,0,0,0,0,0,33,25,0,0,0,28,28,34,17,22,0,33,0,0,0,29,0,0,0,0,0,0,0,0,15,0,0,0,20,0,
0,0,28,0,34,0,0,0,29,0,31,32,27,0,30,0,0,28,24,28,0,27,31,24,34,34,0,0,0,34,0,0,37,0,0,0,0,0,0,33,25,0,0,0,28,28,0,17,22,0,33,0,0,0,29,0,0,0,0,0,0,0,0,15,0,0,0,20,0,
0,0,28,0,34,0,0,0,29,27,31,32,27,0,0,21,0,28,24,28,0,27,31,24,34,34,0,0,34,34,0,0,38,0,0,0,0,0,0,33,25,0,0,0,29,29,0,0,22,0,33,23,0,0,0,32,0,0,0,0,26,0,0,15,0,0,0,20,0,
0,0,28,0,34,0,24,25,0,27,32,32,27,0,0,21,0,28,24,28,0,27,0,0,34,34,0,0,34,34,0,0,38,0,0,0,0,0,0,34,25,0,0,0,29,30,35,18,23,0,33,23,0,0,30,32,0,29,0,0,26,0,0,15,23,20,0,20,0,
0,0,0,0,0,0,24,25,0,27,32,32,27,0,0,21,0,28,0,0,0,27,0,25,34,0,26,26,34,34,0,0,38,0,0,26,0,29,0,34,25,0,27,0,29,30,35,18,23,0,33,23,0,0,30,32,0,29,0,0,26,0,22,0,23,20,0,20,0,
0,0,0,0,0,0,24,25,0,27,32,32,27,0,0,21,0,28,0,0,0,27,0,25,34,35,26,26,34,34,0,0,38,0,0,26,0,29,0,34,25,0,27,0,29,30,35,18,23,0,33,23,0,0,30,32,0,29,0,0,26,0,22,0,23,20,0,21,0,
0,0,0,0,0,0,24,25,0,0,32,33,27,0,0,21,0,28,0,0,0,0,32,25,35,35,26,26,34,0,0,0,38,0,0,26,0,29,0,34,25,0,27,0,29,30,35,18,23,0,33,23,0,0,30,0,0,29,18,0,26,34,22,0,23,20,0,21,0,
0,0,0,0,0,0,24,0,0,0,32,33,28,0,0,21,16,29,0,0,0,0,32,25,35,35,26,26,34,0,0,0,38,0,0,26,0,29,0,34,0,0,27,0,29,30,35,18,23,0,33,23,0,0,30,0,0,29,18,0,0,34,22,0,23,20,0,21,0,
0,0,0,0,0,30,24,0,0,0,32,33,28,0,0,0,16,29,0,0,0,0,32,25,35,35,26,26,34,0,0,0,38,0,28,26,0,29,0,34,0,0,27,0,0,0,35,19,23,0,33,23,0,0,30,0,0,29,18,0,0,34,0,0,23,20,0,21,0,
0,0,0,0,35,30,24,0,0,0,0,33,28,0,0,0,16,29,0,0,0,0,32,0,35,0,26,26,35,0,0,0,38,0,28,27,0,29,0,0,0,0,0,0,0,0,0,19,0,0,34,23,0,0,30,0,0,29,18,0,0,34,23,0,24,21,0,21,0,
0,0,0,0,35,30,24,0,0,0,0,33,28,0,0,0,16,29,0,0,0,0,0,0,35,0,26,27,35,0,0,0,38,0,28,28,0,30,0,0,0,0,0,0,0,0,0,19,0,0,34,23,0,0,30,0,0,30,18,0,27,34,23,0,24,21,0,21,0,
0,0,0,0,35,30,25,0,0,0,0,33,0,0,0,0,16,29,25,0,0,0,0,0,35,0,27,27,35,0,31,0,39,0,28,28,0,30,0,0,0,27,0,0,0,0,36,19,0,0,34,23,0,0,31,0,0,30,18,0,27,34,23,0,24,21,0,21,0,
0,0,0,0,35,30,25,0,0,0,0,34,0,0,0,0,0,29,25,0,0,0,0,0,35,0,27,27,35,0,31,0,39,0,28,28,0,30,0,0,0,27,0,0,0,0,36,19,0,0,34,0,0,0,31,0,0,30,18,0,27,34,23,0,24,21,0,0,0,
0,0,0,0,35,30,25,0,0,0,0,34,0,0,0,0,0,0,25,0,0,0,0,0,36,0,27,27,35,0,31,0,39,0,28,28,0,30,0,0,0,27,0,0,0,0,36,19,0,26,34,0,0,0,31,0,0,30,19,0,27,0,0,0,24,21,0,0,0,
0,0,0,35,35,0,25,0,0,0,0,34,0,32,0,0,0,0,25,0,0,0,0,0,36,0,27,27,35,0,31,0,39,0,28,28,0,30,0,0,0,27,0,0,0,0,36,0,0,26,34,0,0,0,31,0,0,30,19,0,27,0,0,0,24,21,0,0,0,
0,0,0,35,35,0,25,0,0,0,0,34,0,32,31,0,17,0,25,0,0,0,0,0,36,36,27,27,0,0,31,0,39,0,28,28,0,30,0,0,26,27,0,0,30,0,0,0,24,26,34,0,0,0,31,0,0,30,19,0,27,0,0,0,0,21,0,0,0,
0,0,29,35,36,0,25,0,0,0,0,34,0,32,31,0,17,30,26,0,0,0,0,0,36,36,27,27,0,0,31,0,39,0,0,29,21,0,0,0,26,27,0,0,30,0,0,0,24,26,34,0,0,0,31,0,0,0,19,0,27,0,24,0,0,0,0,0,0,
0,0,29,35,36,0,0,0,0,0,0,34,0,32,31,0,0,30,26,0,0,0,0,0,36,36,0,0,0,0,32,0,39,0,0,29,21,0,0,0,26,27,0,27,30,0,0,0,24,26,0,0,0,0,0,0,0,0,19,0,0,0,24,0,0,0,0,0,0,
0,0,29,35,36,0,0,0,0,0,0,34,0,32,31,0,0,30,26,0,0,0,0,0,36,36,0,0,0,0,33,0,39,0,29,29,0,31,0,0,26,27,0,27,30,0,37,0,24,26,0,24,0,0,32,0,0,0,19,0,28,0,24,0,25,0,0,0,0,
0,0,29,0,36,0,0,0,0,0,0,34,0,32,31,0,18,30,26,0,0,0,0,0,37,36,0,0,0,0,33,0,39,0,29,29,0,31,0,0,0,28,28,27,30,0,37,0,24,27,0,24,0,0,32,0,0,0,19,0,28,0,24,0,25,0,0,0,0,
0,0,29,36,36,0,0,0,0,0,0,34,0,32,31,0,18,30,26,0,0,0,0,0,37,36,0,0,0,0,33,0,0,0,29,29,0,31,0,35,27,28,28,27,30,0,37,0,24,27,0,24,0,0,32,0,0,0,0,0,28,0,24,0,25,0,0,0,0,
0,0,29,36,0,0,0,0,0,0,0,34,0,33,31,0,18,30,26,0,0,28,0,0,37,36,0,0,36,0,33,0,0,0,29,29,22,31,0,35,27,28,28,27,31,31,0,0,25,27,0,24,0,0,32,0,0,0,0,0,28,0,24,16,25,0,0,0,0,
0,0,29,36,0,0,0,0,0,0,0,34,0,33,32,0,0,31,26,29,0,28,0,0,37,36,0,0,36,0,33,0,0,0,29,29,22,31,0,35,27,28,28,27,31,31,0,20,25,27,0,24,0,0,32,0,0,0,20,0,0,0,25,16,25,0,0,0,0,
0,0,30,36,0,0,0,0,0,0,0,35,0,33,32,0,0,31,27,29,0,28,0,26,37,36,0,0,36,0,33,0,0,0,29,0,22,31,0,35,27,28,0,28,31,31,38,20,25,27,0,24,0,0,32,0,0,0,20,0,0,0,25,16,25,0,26,0,0,
0,0,30,36,0,0,0,0,0,0,0,35,0,33,32,0,19,31,27,29,0,28,0,26,37,37,0,28,36,0,0,0,40,0,0,0,22,32,0,35,28,28,0,28,31,31,38,20,25,27,0,24,0,0,32,0,0,0,20,0,0,0,25,16,25,0,26,22,0,
20,0,30,36,0,0,0,0,0,0,0,35,0,33,32,0,19,31,27,29,0,28,0,26,0,37,0,28,36,0,0,0,40,0,0,0,22,32,0,35,28,28,0,28,31,31,0,20,25,0,0,24,0,0,0,0,0,31,20,0,0,0,25,16,26,22,26,22,0,
20,0,30,36,0,0,0,0,0,0,0,35,0,33,32,0,0,31,27,29,0,28,0,26,0,37,28,0,36,0,0,0,40,0,0,0,23,32,0,36,28,28,0,28,31,31,0,20,25,0,0,24,0,0,33,0,0,31,20,0,0,0,25,16,26,22,0,22,0,
20,0,30,0,0,0,0,0,0,0,0,35,0,34,32,0,0,31,27,29,0,28,0,26,0,37,28,0,36,0,0,0,40,0,0,0,23,32,0,36,28,0,0,28,32,31,0,20,26,0,35,0,0,0,33,0,0,31,20,0,0,0,0,16,26,22,0,22,0,
0,0,30,0,0,0,0,0,0,0,0,35,0,34,33,0,0,31,27,30,0,29,0,26,0,37,0,0,37,0,0,0,40,0,0,0,23,32,0,36,0,0,0,28,32,32,0,20,26,0,35,0,0,0,33,0,0,31,20,0,0,0,0,17,26,22,27,0,0,
21,0,30,0,0,31,26,0,0,0,0,0,0,34,33,0,20,0,27,30,0,29,0,27,0,37,29,0,37,0,0,0,40,0,0,0,23,32,0,36,29,0,0,29,32,32,0,21,26,0,35,0,0,0,33,0,0,31,21,0,0,0,0,17,26,22,27,23,0,
21,0,0,0,0,31,26,0,0,0,0,0,0,34,33,0,20,0,0,30,0,29,0,27,38,0,29,0,37,0,0,0,40,0,0,0,23,33,0,36,29,0,0,29,32,32,0,21,26,0,35,0,0,0,33,0,0,31,21,0,0,0,0,17,27,22,27,23,0,
21,0,0,0,37,31,26,0,0,0,0,0,0,34,0,0,20,0,0,30,0,29,0,27,38,0,29,0,37,0,0,31,41,0,0,0,24,33,0,36,29,0,0,29,32,32,39,21,0,0,35,0,22,0,33,0,0,32,21,0,0,0,26,17,27,22,28,23,0,
21,0,0,0,37,31,26,26,0,0,0,0,0,35,0,0,20,0,0,30,0,29,0,27,38,0,29,29,37,0,0,31,41,0,0,0,24,33,0,36,29,0,0,29,32,32,39,21,0,0,35,0,22,0,34,0,0,32,21,0,0,35,26,17,27,23,28,23,0,
21,0,0,0,37,31,26,26,30,0,0,0,0,35,0,0,0,0,0,30,0,29,0,27,38,0,29,29,37,0,34,31,41,0,0,0,24,33,0,0,29,0,0,29,33,32,39,21,0,0,35,0,22,0,34,0,0,32,21,0,0,35,26,17,27,23,28,0,0,
21,0,0,0,37,31,26,26,30,0,0,0,0,35,0,0,0,0,0,30,23,30,0,27,38,0,30,0,37,0,34,0,41,0,0,0,24,33,0,37,0,0,29,29,33,32,39,21,0,0,36,0,0,0,34,0,0,32,21,18,0,35,26,17,28,23,28,24,0,
21,0,0,0,37,32,27,26,30,0,0,0,0,35,0,0,0,0,0,0,23,30,0,27,38,0,30,0,0,0,34,32,41,0,0,0,24,33,0,37,0,0,29,29,33,0,0,21,0,0,36,0,0,0,34,0,0,32,21,18,0,35,0,17,28,23,28,24,0,
21,0,0,0,38,32,27,26,30,28,0,0,0,35,0,0,0,0,0,0,23,30,0,0,38,0,30,0,0,0,34,32,41,29,0,0,24,34,0,37,0,0,29,30,33,33,0,0,0,0,36,0,0,0,34,0,0,32,0,18,0,35,0,0,28,23,28,24,0,
21,0,0,0,38,32,27,26,30,28,0,0,0,35,0,0,0,0,0,0,23,30,0,0,39,0,30,0,0,0,34,32,0,29,0,0,24,34,0,37,0,0,29,30,33,33,0,0,0,0,36,0,23,0,34,0,0,32,0,18,29,36,0,0,28,23,28,24,0,
21,0,0,0,38,32,27,26,30,28,33,0,0,0,0,0,0,32,0,31,23,30,0,0,39,0,30,0,38,0,34,32,0,29,0,0,25,34,0,37,0,29,29,30,33,33,0,0,0,0,36,25,23,0,0,0,0,0,0,18,29,36,0,0,28,0,28,0,0,
22,0,0,37,38,32,27,26,30,28,33,0,0,0,0,0,0,32,0,31,23,30,0,0,39,0,30,0,38,0,34,32,42,29,0,0,25,34,0,38,0,29,29,30,34,33,0,0,0,0,36,25,0,0,0,0,0,0,0,18,29,36,0,18,28,0,0,0,0,
22,0,31,37,38,32,0,0,30,28,33,0,0,0,0,22,0,32,0,31,24,31,0,0,39,0,30,0,38,0,34,32,42,29,30,30,25,34,0,38,0,0,0,30,34,33,0,0,0,0,36,25,0,0,0,0,0,0,0,19,29,36,0,18,28,0,0,0,0,
22,29,31,37,38,32,0,27,30,0,33,0,0,0,0,22,0,32,0,0,24,31,0,0,39,0,0,0,38,0,0,32,42,29,30,30,25,34,0,38,0,0,30,0,34,33,0,0,0,0,36,25,24,23,0,0,0,0,0,19,0,36,0,18,29,0,0,0,0,
22,29,31,37,38,0,0,27,31,0,33,0,0,0,0,22,0,32,0,0,24,31,0,0,39,0,0,0,38,0,35,0,42,0,30,30,25,0,0,38,0,0,30,31,0,0,0,0,0,0,0,25,24,23,0,0,0,0,0,19,30,36,0,18,29,0,29,0,0,
22,29,31,37,0,0,0,27,31,0,33,0,0,0,0,22,0,32,0,0,24,31,0,0,39,0,0,30,38,0,35,0,42,0,30,30,25,0,0,38,0,0,30,31,35,34,0,0,0,0,0,26,24,23,0,0,0,0,0,19,30,36,27,18,29,0,29,0,0,
22,29,31,0,0,0,0,27,31,0,0,0,0,0,0,22,0,33,0,0,24,31,0,0,0,0,0,30,0,0,35,33,42,0,30,30,25,0,31,38,0,0,30,31,35,34,40,0,0,0,0,26,24,23,0,0,0,0,0,19,30,37,27,0,29,0,29,0,0,
22,29,0,38,0,0,0,27,31,0,34,0,0,0,0,22,0,33,0,0,24,31,0,0,0,0,0,30,39,0,35,33,43,0,30,0,25,35,31,0,0,0,30,31,35,34,40,0,0,0,0,26,24,23,0,0,0,0,0,19,30,37,27,0,29,0,29,0,0,
0,29,32,38,0,0,0,27,31,0,34,0,0,0,0,22,0,33,0,0,25,31,0,0,0,0,0,0,39,0,35,33,43,0,30,0,0,35,31,0,0,0,30,31,0,34,40,0,0,0,0,26,24,23,0,0,0,0,0,0,0,37,0,0,29,0,29,0,0,
0,29,32,38,0,0,0,0,31,0,34,0,0,0,0,0,0,33,0,0,25,0,0,0,0,0,0,0,39,0,0,33,43,0,31,0,0,35,31,0,0,30,30,0,0,34,40,0,0,0,0,26,25,23,0,0,17,0,22,0,0,37,0,0,29,0,29,0,0,
0,30,32,38,0,0,0,0,0,0,34,0,0,0,0,0,0,33,0,0,25,0,0,0,0,0,0,0,39,0,36,33,43,0,31,0,0,35,31,0,30,30,30,32,0,34,40,0,0,0,0,26,25,24,0,0,17,0,22,0,0,37,0,19,29,0,0,0,0,
0,30,32,39,0,0,28,0,0,0,34,0,0,0,0,0,0,33,0,0,0,0,0,28,0,0,0,0,39,0,36,34,43,0,31,0,0,35,31,0,30,30,0,32,0,34,0,0,0,0,0,26,25,24,0,0,17,0,22,0,0,37,0,19,29,0,0,0,22,
0,30,32,39,0,0,28,0,0,29,34,0,0,0,0,23,0,0,0,0,0,0,33,28,0,0,0,0,39,0,36,34,43,30,31,0,0,35,31,39,30,30,0,32,0,35,0,0,0,0,37,27,25,24,0,0,17,0,22,20,0,0,0,19,30,24,0,0,22,
0,30,0,39,0,0,28,28,0,29,34,36,0,0,0,23,0,0,28,0,0,0,33,28,0,0,0,0,0,0,36,34,0,30,31,0,0,0,0,39,30,30,31,0,0,35,0,0,0,0,37,27,25,24,0,0,17,0,22,20,0,0,0,19,30,24,0,25,22,
0,30,0,39,0,0,28,28,0,29,0,36,0,0,0,23,0,0,28,0,0,0,33,28,0,38,0,0,0,0,36,34,0,30,31,0,0,36,32,39,30,30,31,0,0,35,0,0,0,0,37,27,25,24,0,0,17,0,22,20,0,0,28,19,30,24,0,25,22,
0,30,0,39,0,0,28,28,0,29,0,36,0,0,0,0,0,0,28,0,0,0,33,28,0,38,0,0,0,0,36,34,0,30,0,0,0,36,32,39,30,30,31,0,0,35,0,0,0,0,37,27,25,24,0,0,17,0,22,20,0,0,28,19,30,24,0,25,22,
0,0,0,39,0,33,0,28,0,29,0,36,0,0,0,0,0,0,28,0,0,0,33,28,0,38,0,0,0,0,36,34,0,30,0,0,0,36,32,39,30,31,31,0,0,35,0,0,0,0,37,0,25,24,0,0,17,0,23,20,0,0,28,20,30,24,0,25,22,
0,0,0,40,0,33,29,28,0,0,0,36,0,0,0,24,0,0,28,0,0,0,33,0,40,38,0,0,0,0,0,34,0,30,0,0,0,36,32,39,0,31,31,0,0,35,0,0,0,0,37,0,26,0,0,0,0,33,23,0,0,0,28,20,30,24,0,25,23,
0,0,33,40,0,33,29,28,32,0,0,36,0,0,0,24,0,0,29,0,0,0,33,29,40,38,0,0,0,0,0,0,0,0,32,0,0,36,32,40,31,31,31,0,0,0,0,0,0,0,37,0,26,0,0,0,18,33,23,21,0,0,28,20,31,0,0,25,24,
23,0,33,0,0,33,29,29,32,0,0,37,0,0,0,24,0,0,29,0,0,0,33,29,40,38,0,0,0,0,0,0,0,0,32,0,0,36,32,40,31,31,31,0,0,0,0,0,0,0,37,0,26,0,0,0,18,33,23,21,0,0,28,20,31,0,30,0,24,
23,0,33,41,0,33,29,29,32,0,0,37,0,0,0,24,0,0,29,0,0,0,34,29,40,39,0,0,0,0,0,0,0,0,32,0,0,0,32,40,31,31,31,33,0,0,0,0,0,0,37,0,26,0,0,0,18,33,23,21,0,0,0,20,31,25,30,0,24,
23,0,33,41,0,33,29,29,32,0,0,37,0,0,34,24,0,0,29,0,26,0,34,29,40,40,0,0,0,0,0,0,0,0,32,0,0,0,32,40,31,31,0,33,0,0,0,0,0,0,37,0,26,0,0,0,18,33,23,21,0,0,0,20,31,25,30,0,24,
23,0,33,41,0,33,29,29,32,0,0,37,0,0,34,24,0,0,29,0,26,0,34,29,40,40,0,0,0,0,0,0,0,0,32,0,0,0,32,40,31,0,0,33,0,0,0,0,0,0,37,0,26,0,0,0,18,33,23,21,0,0,0,0,31,25,30,0,24,
23,31,33,41,0,0,0,29,32,0,0,37,0,0,34,0,0,0,29,0,26,0,34,30,41,40,0,0,0,0,0,0,0,0,32,0,0,37,33,40,31,0,0,0,0,0,0,0,0,28,0,0,0,0,0,0,18,33,0,21,0,0,0,0,31,25,30,0,24,
23,31,33,0,0,34,0,29,32,0,0,37,0,0,34,0,0,0,30,0,26,0,34,30,41,40,0,0,0,0,0,0,0,0,33,0,0,37,33,0,31,0,0,0,0,36,0,0,0,28,38,0,0,0,0,0,18,34,0,21,0,0,0,0,0,25,30,0,0,
24,31,0,42,0,34,0,0,33,0,0,0,0,0,34,0,0,0,30,0,26,0,34,30,41,40,0,0,0,0,0,0,0,0,33,0,0,37,33,0,0,0,0,0,36,36,0,0,0,28,38,0,0,0,0,0,0,34,0,22,0,0,0,21,32,25,31,0,0,
24,31,0,42,0,34,30,0,33,0,0,0,0,0,0,0,0,0,30,0,26,0,34,30,41,0,0,0,0,0,0,0,0,0,33,0,0,37,33,0,0,0,0,0,36,36,0,0,0,28,38,0,0,0,0,0,0,34,0,22,0,0,0,21,32,25,31,0,0,
24,31,34,42,0,34,30,0,33,0,0,0,29,0,0,0,0,0,30,0,0,0,0,30,41,0,0,0,0,0,0,0,0,0,33,0,0,37,33,0,0,0,0,34,36,36,0,0,0,28,38,28,0,0,0,0,0,34,0,22,0,0,0,21,32,25,31,0,0,
24,31,34,42,0,34,30,30,33,0,0,38,29,0,35,0,0,0,30,0,27,0,0,31,0,0,0,0,0,0,0,0,0,0,33,0,0,37,33,0,0,0,0,34,36,36,0,0,0,28,38,28,0,0,0,0,0,34,0,22,0,0,0,21,0,0,31,0,0,
24,31,0,0,0,34,30,30,33,0,0,38,29,0,35,0,0,0,30,32,27,0,0,31,0,0,0,0,0,0,0,0,0,0,34,0,0,37,33,0,0,0,0,34,36,36,0,0,27,29,0,28,0,0,0,0,0,34,0,22,0,0,29,21,0,26,31,0,0,
24,31,0,43,0,34,30,30,0,0,0,38,29,0,35,0,0,34,0,32,27,0,0,31,0,0,0,0,0,0,37,0,0,0,34,0,0,38,0,0,0,0,0,34,36,36,0,0,27,30,39,28,0,0,0,0,0,0,0,0,0,0,29,21,33,26,31,26,0,
0,32,0,43,0,34,30,30,0,0,0,38,29,0,35,0,0,34,0,32,27,0,0,31,0,0,31,0,0,0,37,0,0,0,34,31,0,38,0,0,0,0,0,34,36,0,0,0,27,30,39,0,27,0,0,0,0,0,24,0,0,0,29,0,33,26,0,26,0,
0,32,0,44,0,35,30,30,0,30,0,0,29,0,35,0,0,34,0,32,27,0,0,31,0,0,31,31,0,0,37,35,0,31,35,31,0,38,0,41,0,0,0,34,36,0,0,0,27,30,39,0,27,0,0,0,0,0,24,0,0,38,29,22,33,26,0,26,0,
0,32,0,44,0,35,31,30,34,30,35,0,29,0,0,0,0,34,0,32,27,0,0,31,0,0,0,31,0,0,0,35,0,31,35,31,0,38,0,41,0,0,0,0,37,37,0,0,27,30,39,0,27,0,0,0,0,0,24,0,0,38,0,22,33,26,0,26,0,
0,32,0,44,0,35,31,31,34,30,35,0,30,0,0,0,0,34,0,32,27,0,0,0,0,41,0,31,0,0,0,35,0,31,35,31,0,38,0,41,0,32,0,0,37,37,0,0,27,30,39,29,27,0,0,33,0,0,24,0,0,38,0,22,33,26,0,26,0,
0,32,0,44,39,35,31,31,34,30,35,39,30,0,0,0,0,34,0,0,27,0,0,0,0,41,0,31,0,0,38,35,0,31,35,31,26,38,0,41,0,32,0,0,37,37,0,0,28,30,39,29,27,0,0,33,0,0,24,0,0,38,30,22,33,26,0,26,0,
0,32,0,44,39,0,31,31,34,30,35,39,30,0,0,0,0,34,0,33,0,0,0,0,0,41,0,31,0,0,38,35,0,31,35,31,26,0,0,41,0,32,0,0,37,37,0,0,28,0,0,29,0,0,0,33,0,0,24,0,0,38,30,22,0,27,0,0,0,
0,0,0,0,0,36,31,31,0,0,35,39,30,0,0,0,0,0,0,33,28,0,0,0,0,41,0,31,0,0,38,35,0,31,35,31,26,0,0,41,0,32,0,35,37,37,0,0,28,0,40,29,0,0,0,33,0,0,24,0,0,38,30,22,0,27,0,27,0,
0,0,0,0,0,36,31,31,35,0,35,40,30,0,0,0,0,0,0,33,28,0,0,0,0,41,0,31,0,0,0,0,0,31,35,31,26,0,0,0,0,32,0,35,37,37,0,0,28,0,40,29,0,0,0,33,0,0,25,0,0,39,30,22,0,27,0,27,0,
0,0,0,0,0,36,0,31,35,0,35,40,30,36,0,0,0,35,0,33,28,32,0,0,0,41,0,32,0,0,39,0,0,31,36,32,26,0,34,42,0,32,0,35,0,37,0,0,28,0,40,0,0,0,0,33,0,0,25,0,0,39,30,22,0,27,0,27,0,
0,0,0,45,40,36,0,31,35,0,36,40,0,36,0,0,0,35,0,33,28,32,0,0,42,41,0,32,0,0,39,0,0,31,36,32,26,39,34,42,0,32,0,0,0,0,0,22,0,0,40,0,0,0,0,0,0,0,25,0,0,39,0,22,0,27,0,27,0,
0,0,35,46,40,36,0,31,0,0,36,40,0,0,36,0,0,0,0,34,28,32,0,0,42,41,0,32,0,0,39,36,0,32,36,32,27,39,34,42,0,33,0,36,0,0,0,22,0,0,40,0,0,0,0,34,0,0,25,0,0,39,31,22,0,27,0,27,0,
0,0,35,46,0,36,0,0,36,31,36,40,0,37,36,0,0,0,0,34,28,32,35,0,42,41,0,32,0,0,39,36,0,32,36,32,27,39,34,42,0,33,0,36,0,0,0,22,0,0,0,0,0,0,0,34,0,0,25,0,0,39,31,0,0,27,0,27,0,
0,0,35,46,0,0,0,0,36,31,36,40,0,37,36,0,0,0,0,34,28,32,35,0,42,0,0,32,0,35,0,36,44,32,36,32,27,39,34,42,0,33,0,36,0,0,0,22,0,0,0,30,0,0,0,34,0,0,25,0,0,39,31,23,0,27,0,27,0,
0,0,0,46,0,0,0,0,36,31,36,0,0,37,36,0,0,0,0,34,29,32,35,0,42,0,0,32,0,35,40,36,44,32,36,0,27,39,34,42,0,33,0,36,0,0,0,22,0,0,0,30,0,0,0,34,0,0,25,0,0,0,31,23,0,28,0,0,0,
0,33,36,47,0,0,0,0,36,31,36,0,0,37,36,0,0,0,0,0,29,0,35,0,42,42,0,33,40,35,40,36,44,32,0,0,27,39,34,42,0,33,32,36,0,0,0,22,0,0,0,30,0,0,0,34,0,0,26,0,0,0,0,23,0,28,0,0,0,
0,33,36,47,41,0,0,0,0,31,36,0,0,0,36,0,0,0,31,35,29,33,35,0,43,42,0,33,40,35,40,36,44,32,0,0,27,40,0,0,0,33,32,0,38,0,41,23,0,0,0,30,0,0,0,34,0,0,26,0,0,0,0,23,0,28,0,0,0,
0,33,0,47,41,0,0,0,37,31,0,0,0,0,36,0,0,0,31,35,29,33,35,0,43,42,0,33,40,35,40,36,44,32,0,0,0,40,0,0,32,33,32,0,38,0,41,23,0,0,0,30,0,0,0,0,0,0,26,0,0,0,32,23,0,28,0,28,0,
0,33,37,47,41,0,32,0,37,32,0,0,0,0,0,0,0,0,31,35,29,33,35,0,43,42,0,33,40,35,40,0,44,32,0,0,0,40,35,0,32,34,32,0,38,38,41,23,0,0,0,30,0,0,0,0,0,0,26,0,0,0,32,23,0,28,0,28,0,
0,33,37,47,41,0,32,0,37,32,0,0,0,0,0,0,0,0,31,35,29,33,36,0,43,42,0,33,40,35,40,0,0,33,0,0,0,40,35,0,32,34,32,0,38,38,41,23,0,0,0,30,0,0,0,0,0,0,26,0,0,0,32,0,0,28,0,0,0,
0,0,37,0,41,0,32,,37,32,0,0,0,0,37,0,0,0,31,35,0,33,36,0,43,42,0,33,41,36,40,0,45,33,0,0,0,40,35,43,32,34,32,0,38,38,41,23,0,0,0,0,0,0,0,0,0,0,26,0,0,0,32,0,0,28,0,0,0,
0,34,37,0,41,0,32,,37,32,0,0,0,0,37,0,0,0,31,0,0,33,36,0,44,42,0,33,41,36,40,0,45,33,0,0,0,40,35,43,32,34,33,0,38,38,41,0,0,0,0,31,0,0,0,0,0,0,26,0,0,0,32,0,0,0,0,0,0,
0,34,37,0,41,0,32,,37,32,0,0,0,0,0,0,0,0,31,0,0,0,36,0,44,42,0,33,41,36,40,0,45,33,0,0,0,40,35,43,33,34,34,0,39,38,42,0,0,0,0,31,0,0,0,35,0,0,26,0,0,0,32,0,0,0,0,0,0,
0,34,37,0,0,0,32,,37,32,0,0,0,0,0,0,0,0,32,0,0,0,36,0,44,42,0,34,41,36,40,0,45,0,0,0,0,0,35,43,33,34,34,0,39,38,42,0,0,0,0,31,0,0,0,35,0,0,27,0,0,0,0,0,0,0,32,0,0,
25,34,37,0,0,0,0,,37,0,0,0,0,0,0,0,0,0,32,0,0,0,36,32,44,0,0,34,41,36,40,0,45,0,0,0,0,0,35,43,33,34,34,0,39,38,42,0,0,0,41,31,0,0,0,35,0,0,27,0,0,0,0,0,0,0,32,0,0,
25,34,38,0,0,0,0,,37,0,0,0,0,0,0,0,0,0,32,0,0,0,0,32,44,0,0,34,41,36,40,0,45,0,0,0,0,0,0,43,33,35,34,0,39,39,42,0,0,0,41,31,0,0,35,35,0,0,27,0,0,0,0,0,0,0,32,0,0,
25,34,38,0,0,0,33,,0,0,0,0,0,0,0,0,0,0,32,0,0,0,0,32,44,43,0,34,42,0,0,37,0,0,0,33,0,0,0,44,33,35,34,0,39,39,0,0,0,0,41,31,0,0,35,35,19,0,27,0,0,0,0,0,0,0,32,29,0,
25,34,38,0,0,0,33,,0,0,0,0,0,0,0,0,0,0,32,0,0,0,0,32,44,43,0,34,42,0,41,37,0,0,0,33,0,0,0,44,33,35,34,0,39,39,43,0,0,0,41,31,0,0,35,35,19,0,27,0,0,0,0,0,0,0,0,29,0,
25,34,38,0,0,37,33,,0,0,0,0,0,0,0,25,0,0,33,0,0,0,0,32,45,43,0,34,42,0,41,37,0,0,0,33,0,0,0,44,34,35,35,0,40,39,43,0,0,0,41,31,0,0,35,35,19,0,27,0,0,0,0,0,34,0,0,29,0,
25,0,38,0,0,37,33,,0,0,0,0,0,0,0,25,0,0,33,0,0,0,0,32,45,43,0,34,42,0,41,37,46,34,0,33,0,0,0,44,34,35,35,0,40,39,43,0,0,0,41,31,0,0,35,36,19,0,0,0,0,0,0,0,34,0,33,0,0,
25,35,38,0,0,37,33,,38,0,0,0,0,0,0,25,0,0,33,0,0,0,0,0,45,43,0,0,0,0,41,37,46,34,0,33,0,0,0,44,34,35,35,0,40,39,44,0,0,0,41,0,0,0,0,36,19,0,0,0,0,0,0,0,34,0,33,30,0,
26,35,38,0,0,37,33,,38,0,0,0,0,38,0,25,0,0,33,0,0,0,0,33,45,43,0,35,0,0,41,37,46,34,0,33,0,0,0,44,34,35,35,0,0,39,44,0,0,0,42,0,0,0,36,36,19,0,0,0,0,0,33,0,34,0,33,30,25,
26,35,0,0,0,37,33,,38,0,0,0,0,38,0,25,0,0,33,0,0,0,0,33,45,0,0,35,0,0,41,0,46,34,0,34,28,0,0,0,34,0,0,0,0,40,44,0,0,0,42,0,0,0,36,36,20,0,28,0,0,0,33,0,34,0,34,30,25,
26,35,0,0,0,38,33,,38,33,0,0,0,38,0,25,0,0,0,0,0,0,0,33,45,0,0,35,43,0,0,0,46,0,0,34,28,0,0,0,35,0,0,0,0,40,44,0,0,0,42,0,0,0,36,36,20,0,28,0,0,0,33,0,34,0,34,0,25,
26,35,0,0,0,38,33,,38,33,0,0,0,38,0,25,0,0,0,0,0,0,0,33,45,0,0,35,43,0,0,0,46,0,0,34,28,0,0,0,35,0,0,0,0,40,44,0,0,0,42,0,0,0,36,36,20,0,28,0,0,0,0,0,0,0,34,0,25,
26,35,0,0,0,38,0,,38,33,37,0,31,38,0,26,0,0,0,36,0,0,0,33,45,0,0,35,43,0,0,0,46,0,0,34,28,0,0,0,35,0,0,0,0,40,44,0,0,0,42,0,0,0,36,0,20,0,28,0,0,0,0,0,35,29,34,31,25,
26,0,0,0,0,38,0,,38,33,37,0,31,38,0,26,0,0,0,36,0,0,0,33,45,0,0,36,43,0,0,38,47,0,0,34,28,0,0,0,35,0,0,0,0,41,44,0,0,0,42,0,0,0,0,0,20,0,28,0,0,0,0,0,35,29,34,31,25,
26,0,0,0,0,38,0,,0,33,37,0,31,0,0,26,0,0,0,36,0,0,37,33,0,0,0,36,43,0,0,38,47,0,0,34,28,0,0,45,35,0,0,0,0,41,45,24,29,0,42,0,0,0,0,0,20,0,28,0,0,0,0,0,35,29,34,31,25,
26,36,0,0,42,38,34,,0,34,37,0,31,0,0,26,0,0,0,36,0,0,37,0,0,0,32,36,43,0,0,0,47,0,0,0,29,0,0,45,35,0,0,0,0,41,45,24,29,0,0,0,0,25,0,0,21,0,0,0,0,0,0,0,35,29,34,31,25,
26,36,0,0,42,0,34,,0,34,37,0,31,0,0,26,0,0,0,36,0,0,37,0,0,0,32,36,43,0,0,39,47,0,0,0,29,0,0,45,35,36,0,0,0,41,45,24,29,0,43,0,0,25,0,0,21,0,29,0,0,0,0,0,35,29,34,31,0,
27,36,0,0,0,0,34,,0,34,37,0,31,0,0,26,0,0,0,36,0,0,0,0,0,0,32,36,0,0,0,39,47,0,0,0,29,0,0,45,35,36,0,0,0,41,45,24,29,0,43,0,0,25,0,0,21,0,29,0,0,0,0,0,0,29,34,31,26,
27,36,0,0,0,0,0,,0,34,38,0,31,0,38,27,0,0,0,37,0,0,38,0,46,0,0,36,44,0,0,39,47,0,0,0,29,41,0,45,0,36,0,0,41,42,45,24,29,0,0,0,28,25,0,0,21,0,29,0,0,0,0,0,0,30,0,31,26,
27,36,0,0,0,0,0,,0,34,39,41,32,0,38,27,21,0,0,37,0,0,38,0,46,0,0,36,44,0,0,39,0,0,0,0,29,41,0,45,0,36,0,0,41,42,45,24,29,0,44,0,28,25,0,0,21,0,29,0,0,0,0,0,0,30,35,31,26,
27,36,0,0,0,0,0,,0,34,39,41,32,0,0,27,21,0,34,37,0,0,38,0,46,0,0,36,44,0,0,39,0,0,0,0,29,41,0,45,0,36,0,0,41,42,0,25,0,0,44,32,28,25,0,0,21,0,29,0,0,0,0,0,0,30,35,32,26,
27,0,0,0,0,0,35,,0,0,39,41,32,0,0,0,0,0,34,37,0,0,38,0,46,0,0,36,44,0,0,39,0,0,0,0,29,41,0,46,0,36,0,37,41,42,0,25,30,0,44,32,28,0,0,37,22,0,29,0,0,0,0,0,0,30,35,32,26,
27,37,0,0,0,0,35,,39,0,39,41,32,0,39,28,0,36,34,37,0,0,38,0,46,0,0,36,44,0,0,0,0,0,0,0,29,41,0,46,0,36,0,37,41,42,0,25,30,0,44,32,28,26,0,37,22,0,0,0,0,0,0,0,0,30,35,32,26,
27,37,0,0,0,0,35,,39,0,39,0,32,0,39,28,0,36,34,37,30,34,38,0,46,0,0,36,44,0,0,0,0,0,0,0,0,41,0,46,0,1,0,37,41,0,0,25,30,0,0,32,28,26,37,37,22,0,0,0,0,0,0,0,0,30,35,32,0,
27,37,0,0,0,0,35,,39,0,39,0,32,0,39,28,0,36,34,0,30,34,38,0,0,0,0,37,44,0,0,0,0,0,0,0,0,41,0,46,0,1,0,37,41,0,0,25,30,0,0,32,28,26,37,37,22,0,0,23,0,0,0,0,0,0,35,32,0,
0,37,0,0,0,39,35,,39,0,0,0,0,0,39,28,0,36,34,0,30,34,39,34,0,0,0,37,0,0,0,0,0,0,0,0,0,0,0,46,0,1,0,37,41,0,0,25,30,0,45,33,28,26,37,37,22,0,0,23,0,0,0,0,0,31,0,32,0,
0,37,0,0,0,39,35,,39,0,0,0,0,0,39,0,0,36,0,0,30,34,39,34,0,0,0,37,0,0,0,0,48,0,0,0,0,42,36,46,0,1,0,38,0,0,0,0,30,0,45,34,0,26,37,37,22,0,0,23,0,0,0,0,0,31,0,0,0,
0,0,0,48,43,39,35,,39,0,0,0,0,0,0,29,0,36,0,0,30,34,39,34,0,0,0,37,0,0,0,0,48,0,0,0,0,42,36,46,0,1,0,38,0,0,0,0,30,0,45,34,29,26,37,0,0,0,0,23,0,40,0,0,0,31,0,0,0,
0,0,39,48,43,39,36,,39,35,40,0,0,0,0,29,0,36,0,0,30,34,39,34,0,0,0,37,0,0,0,0,48,35,0,35,0,42,36,46,0,,0,38,42,0,46,0,0,0,0,34,29,26,37,38,0,0,30,23,0,40,0,0,0,31,0,0,0,
0,0,39,48,43,39,36,,40,35,40,0,0,0,0,29,0,36,35,0,30,35,39,34,0,0,0,37,0,0,0,0,48,35,0,35,0,42,36,0,0,,0,38,42,0,46,0,31,0,0,34,29,26,37,38,0,0,30,23,0,40,0,24,0,31,0,33,0,
0,0,39,48,43,40,36,,40,35,40,0,0,0,0,0,0,36,35,0,0,35,39,34,0,0,0,37,0,0,0,0,48,35,0,35,0,42,36,0,0,,0,38,42,0,46,0,31,0,0,34,29,0,38,38,0,0,30,23,0,40,0,24,0,0,0,33,0,
0,0,39,48,43,40,36,,40,0,40,0,33,0,0,30,0,36,35,0,0,35,0,35,0,0,0,0,0,37,0,0,48,35,0,35,0,42,36,0,0,,0,38,42,0,46,0,31,0,0,0,29,0,38,38,0,0,30,24,0,40,0,24,0,0,36,33,27,
0,0,39,48,0,40,36,,40,0,40,0,33,0,40,30,0,0,35,0,0,35,0,35,0,0,0,0,0,37,0,0,49,35,0,35,0,42,37,0,0,,0,0,42,0,46,0,31,0,0,0,29,27,38,38,0,0,30,24,0,40,0,0,0,0,36,33,27,
0,0,39,0,0,40,36,,40,0,40,0,33,0,40,30,0,37,35,0,0,35,0,35,47,0,0,0,0,37,0,0,49,35,0,36,0,0,37,0,0,,0,0,42,0,46,26,0,0,0,0,0,27,38,38,0,0,30,24,0,40,0,0,0,0,36,33,27,
0,0,39,0,0,40,0,,40,0,40,0,33,0,40,0,0,37,0,0,31,35,0,35,47,0,0,0,0,37,0,0,49,36,0,36,30,0,37,0,0,,0,0,42,0,0,26,32,0,0,0,0,27,38,0,0,0,0,24,0,41,0,25,0,0,36,33,27,
0,0,0,1,0,40,0,,0,0,41,0,34,0,40,0,0,37,0,0,31,35,40,35,47,0,0,0,45,0,0,0,49,37,0,36,30,0,37,0,0,,0,39,0,0,0,26,32,0,0,0,0,27,38,0,0,0,31,24,0,41,34,25,0,0,36,0,27,
0,0,40,1,0,40,0,,0,0,41,0,34,0,40,0,,37,0,0,31,35,40,35,47,0,0,0,45,38,42,0,49,37,0,36,30,0,37,0,0,,0,39,43,0,0,26,32,0,0,0,0,27,0,0,0,0,31,24,0,41,34,25,0,0,36,34,28,
28,0,40,1,0,40,0,,0,0,41,0,34,0,40,0,,37,0,0,31,35,40,0,47,0,0,0,45,38,42,0,49,37,0,36,30,0,37,0,0,,36,39,43,0,0,26,32,0,0,0,0,27,0,0,0,0,31,0,0,41,34,25,0,0,37,34,28,
28,0,40,,0,41,0,,0,0,41,42,34,0,41,0,,37,0,0,31,35,40,0,47,0,0,0,45,38,42,0,0,37,0,36,0,0,38,0,0,,36,39,43,0,47,27,0,0,0,0,0,0,0,0,0,0,31,0,0,41,34,0,0,0,37,34,28,
28,0,40,,0,41,0,,0,0,41,42,34,0,41,0,,0,0,0,31,35,40,0,47,0,0,0,46,38,42,0,0,37,0,0,0,0,38,0,0,,36,39,43,0,47,27,0,0,0,0,0,0,0,0,0,0,31,0,0,41,34,0,0,0,37,34,28,
28,0,40,,0,41,0,,0,0,41,42,0,0,41,0,,0,0,0,31,36,40,0,48,0,0,0,46,38,42,40,0,0,0,0,0,0,38,0,0,,0,39,0,43,47,27,0,0,46,0,0,0,0,0,0,0,31,0,0,41,34,0,0,0,37,0,28,
28,0,0,,0,41,0,,0,0,0,42,35,39,41,1,,0,0,0,0,36,41,0,48,0,0,0,46,0,42,40,0,0,0,0,31,0,0,0,36,,0,40,0,43,47,27,0,0,46,0,0,0,0,0,0,0,0,0,0,41,34,0,0,0,37,0,28,
28,0,0,,0,0,0,,0,0,0,42,35,39,41,1,,0,0,0,0,36,41,0,48,0,0,0,46,0,42,40,0,0,0,0,31,0,0,0,36,,0,40,0,43,47,27,0,0,46,0,0,0,0,0,0,0,0,,0,41,34,0,0,0,37,0,28,
28,0,0,,0,42,0,,0,0,0,42,35,39,41,,,0,0,0,0,36,41,0,48,0,0,0,46,0,43,0,0,0,0,0,31,0,0,0,36,,0,40,0,43,47,28,0,0,46,0,0,0,0,0,0,0,0,,0,41,0,0,0,0,0,0,29,
29,0,0,,0,42,0,,0,0,0,42,35,39,42,,,0,0,0,0,36,41,0,48,0,0,0,46,0,43,41,0,0,0,0,31,0,0,0,36,,0,40,0,43,0,28,33,,46,0,0,28,0,0,0,0,0,,0,0,35,0,0,32,0,0,29,
29,0,0,,0,42,0,,0,0,0,43,35,39,42,,,0,1,0,0,36,41,0,48,0,0,0,47,39,43,41,0,0,0,0,0,0,0,0,36,,0,40,0,43,0,28,33,,0,0,30,28,0,39,0,0,1,,31,42,35,0,,32,0,0,29,
29,0,0,,0,0,0,,0,0,0,43,0,39,42,,,0,1,38,32,0,41,0,48,0,0,0,47,39,43,41,0,0,0,0,32,0,0,0,37,,0,40,0,44,0,28,0,,0,0,30,28,0,39,0,0,1,,31,42,35,0,,0,0,0,29,
29,0,0,,44,0,0,,0,0,0,43,0,39,42,,,0,,38,32,0,41,0,0,0,0,0,47,39,43,41,0,0,0,0,32,0,0,0,38,,0,40,0,44,0,28,0,,0,0,30,28,0,39,0,0,1,,31,42,1,0,,0,0,0,30,
29,0,0,,44,43,0,,41,0,0,43,0,40,0,,,0,,38,0,0,41,0,49,0,0,0,47,39,43,41,0,0,0,0,32,0,0,0,38,,0,40,44,44,0,28,0,,0,0,30,28,0,39,0,0,1,,31,42,1,26,,0,0,35,30,
29,0,0,,44,43,0,,41,0,0,43,0,40,0,,,38,,38,0,0,41,0,49,0,0,0,47,39,44,0,0,0,0,0,32,0,0,0,38,,0,40,44,44,0,0,0,,0,0,30,28,0,39,0,0,1,,31,42,,26,,0,0,35,30,
29,0,0,,44,43,0,,41,0,0,44,0,40,0,,,38,,38,0,37,41,0,49,0,33,38,47,39,44,0,0,0,0,0,0,43,0,0,38,,0,0,44,44,48,0,0,,0,0,30,29,0,39,0,0,,,31,0,,26,,0,0,35,30,
0,0,0,,44,43,0,,41,0,0,44,36,40,0,,,38,,38,0,37,42,0,0,44,33,38,0,40,44,0,0,0,0,37,0,43,0,0,38,,0,0,45,44,48,0,0,,0,0,30,29,0,39,0,0,,,31,43,,26,,0,0,35,30,
0,0,0,,44,43,0,,0,0,0,44,36,40,0,,,38,,38,0,37,43,0,50,44,33,38,0,40,44,0,50,0,0,37,0,43,0,0,0,,0,41,45,0,48,0,0,,0,0,31,29,0,40,0,0,,,32,43,,26,,0,0,35,30,
0,0,0,,0,0,0,,42,0,42,44,36,40,0,,,38,,0,0,37,43,0,50,44,33,38,0,40,0,0,50,0,0,37,0,0,39,0,0,,0,41,45,0,48,0,0,,0,0,31,29,0,40,23,0,,,32,0,,26,,0,0,35,0,
0,0,0,,0,0,0,,42,0,42,0,0,0,0,,,38,,39,0,37,43,0,50,44,33,38,0,40,0,0,50,0,0,37,0,44,39,0,0,,0,41,45,0,48,0,0,,0,0,31,29,0,40,23,0,,,32,0,,26,,0,0,0,0,
0,0,0,,0,0,0,,42,0,42,45,0,0,0,,,0,,39,0,37,43,0,50,44,33,38,0,40,0,0,50,0,0,37,0,44,39,0,0,,0,41,45,0,48,0,0,,0,0,31,29,0,40,23,0,,,32,0,,27,,0,0,36,0,
0,0,0,,0,0,37,,42,36,42,45,37,0,0,,,39,,39,0,37,43,0,50,44,0,39,0,0,45,0,50,0,0,37,0,44,39,0,0,,0,41,45,0,48,0,0,,0,,31,29,39,40,23,0,,,32,0,,27,,0,0,36,0,
0,0,0,,0,0,37,,42,36,42,45,37,0,0,,,39,,39,0,38,44,0,0,45,0,39,0,0,45,0,0,0,0,37,0,44,39,0,0,,0,41,45,0,49,0,0,,0,,32,0,39,40,23,0,,,32,0,,27,,0,0,36,0,
0,0,0,,0,0,37,,42,36,42,45,37,0,0,,,39,,39,0,38,44,0,0,45,0,39,0,0,45,0,51,0,0,0,0,0,39,0,0,,,42,46,0,49,0,0,,47,,32,30,39,40,23,0,,,33,0,,27,,0,0,0,31,
0,0,0,,,0,37,,0,36,0,45,37,0,0,,,39,,39,0,38,44,0,0,45,0,39,0,0,45,0,51,0,0,38,0,45,39,0,0,,,42,46,0,49,0,0,,47,,32,30,39,0,23,0,,,33,0,,27,,0,0,0,31,
0,38,0,,,0,37,,43,36,43,0,37,0,0,,,39,,39,33,38,44,0,,45,0,39,0,0,45,0,51,38,0,38,0,45,40,0,0,,,42,46,0,49,0,0,,47,,32,30,39,0,24,0,,,33,0,,27,,0,0,0,31,
0,38,0,,,0,0,,43,0,43,0,37,0,0,,,39,,39,33,38,0,0,,45,0,39,48,,45,0,51,38,0,38,0,45,40,0,0,,,42,46,0,49,0,0,,47,,32,30,39,0,24,0,,,33,0,,0,,0,0,0,31,
0,38,41,,,0,38,,43,0,43,0,0,0,0,,,0,,39,33,38,0,0,,45,0,0,48,,0,0,51,38,0,38,0,0,40,0,0,,,0,46,0,49,0,0,,47,,33,30,0,0,24,35,,,33,0,,0,,0,0,0,31,
0,38,41,,,0,38,,43,37,43,0,38,0,0,,,0,,1,33,0,0,0,,46,0,0,48,,0,0,51,38,0,38,0,0,40,0,0,,,0,46,0,0,0,0,,47,,33,30,40,0,24,35,,,0,1,,0,,0,38,0,0,
0,38,41,,,44,38,,43,37,43,0,38,0,0,,,0,,1,33,0,0,0,,46,0,0,48,,0,0,51,0,37,38,0,0,40,0,0,,,0,0,0,50,0,0,,0,,33,30,40,0,24,35,,,34,1,,0,,0,38,0,32,
1,38,41,,,44,38,,0,37,43,0,38,0,,,,0,,1,0,0,0,0,,46,0,0,48,,0,0,0,0,37,0,0,0,40,0,0,,,0,0,0,50,0,0,,48,,33,30,40,0,24,35,,,34,1,,0,,0,38,0,32,
1,39,41,,,44,0,,0,0,0,0,38,0,,,,0,,1,34,0,0,0,,47,0,0,48,,0,0,0,39,37,,0,0,0,0,0,,,0,0,0,50,0,0,,48,,33,0,40,0,24,35,,,0,1,,0,,33,38,0,32,
,39,41,,,44,0,,0,0,0,0,0,0,,,,0,,,34,0,0,0,,47,0,0,0,,0,0,0,39,0,,0,0,0,0,0,,,0,0,0,50,0,0,,48,,33,0,40,0,0,35,,,0,1,,0,,33,38,37,32,
,39,41,,,44,0,,0,0,0,0,0,0,,,,0,,,34,0,0,0,,0,0,0,49,,0,0,0,39,0,,0,0,0,0,0,,,0,0,0,50,0,0,,48,,33,0,40,0,25,35,,,35,1,,0,,33,38,37,32,
,39,0,,,44,0,,0,0,0,0,0,0,,,,0,,,34,0,0,0,,48,,0,49,,46,0,0,0,0,,33,0,0,0,0,,,0,0,0,50,0,0,,48,,33,0,0,0,25,0,,,35,,,0,,33,0,37,32,
,39,0,,,45,0,,0,0,0,0,0,0,,,,0,,,34,0,0,0,,48,,0,49,,46,0,0,0,0,,33,0,0,47,0,,,0,0,0,50,0,0,,48,,34,0,0,0,25,36,,,35,,,0,,33,0,0,32,
,39,42,,,45,0,,0,0,0,0,0,0,,,,0,,,34,0,0,0,,48,,0,49,,46,0,0,0,0,,33,0,0,47,0,,,0,0,0,51,0,0,,0,,34,0,0,0,0,36,,,35,,,0,,33,39,38,32,
,39,42,,,45,0,,0,0,0,0,0,0,,,,0,,,34,0,0,0,,48,,0,49,,0,0,0,0,38,,33,0,0,47,0,,,0,0,0,51,0,0,,0,,34,0,0,0,0,36,,,35,,,0,,33,39,38,0,
,39,42,,,45,0,,0,0,0,0,0,0,,,,0,,,34,0,0,0,,48,,0,49,,0,0,0,0,38,,33,0,0,47,0,,,0,0,0,51,0,1,,0,,34,0,0,0,0,36,,,35,,,0,,33,39,38,0,
,40,42,,,45,0,,0,0,0,0,0,0,,,,0,,,34,0,0,0,,0,,0,0,,0,0,0,0,38,,33,0,0,47,0,,,0,0,45,51,0,1,,0,,34,0,0,0,0,36,,,35,,,0,,33,39,38,0,
,40,42,,,45,0,,0,0,0,0,0,0,,,,40,,,34,39,0,0,,0,,0,0,,47,0,0,0,38,,33,0,0,47,0,,,0,0,45,51,0,1,,0,,34,0,0,0,0,36,,,35,,,0,,33,39,38,0,
,40,42,,,0,0,,0,0,0,0,0,0,,,,40,,,0,39,0,0,,0,,0,50,,47,42,0,0,38,,34,0,0,48,0,,,0,0,45,51,0,1,,0,,0,0,0,0,0,0,,,35,,,0,,34,0,38,0,
,40,42,,,0,0,,0,0,0,0,0,0,,,,40,,,35,39,0,0,,0,,0,50,,47,42,0,0,38,,34,0,0,48,0,,,0,0,45,51,0,1,,0,,0,0,0,0,0,0,,,35,,,28,,34,0,38,0,
,40,42,,,46,39,,0,0,0,0,0,0,,,,40,,,35,39,0,0,,0,,0,50,,47,42,52,40,38,,34,0,0,48,0,,,0,0,0,51,0,,,0,,0,0,0,41,0,0,,,0,,,28,,34,0,38,0,
,0,0,,,46,39,,0,0,0,0,0,0,,,,40,,,35,39,0,0,,0,,0,50,,47,42,52,40,39,,34,0,0,48,39,,,0,0,0,52,0,,,0,,0,0,0,41,0,0,,,36,,,28,,34,0,38,0,
,0,43,,,46,39,,44,0,0,0,0,0,,,,40,,,35,39,0,0,,0,,0,50,,47,42,52,40,39,,34,0,0,48,39,,,0,0,0,52,0,,,0,,0,0,0,41,0,0,,,36,,,28,,34,0,38,0,
,0,43,,,46,39,,44,0,44,0,1,41,,,,0,,,35,39,0,0,,0,,40,50,,47,43,52,40,39,,34,0,0,48,39,,,43,0,0,52,0,,,0,,0,0,0,41,26,0,,,36,,,28,,34,0,0,0,
,0,43,,,46,39,,44,0,44,0,1,41,,,,41,,,0,0,45,0,,0,,40,51,,47,44,52,40,39,,34,46,0,0,39,,,43,0,0,52,0,,,0,,0,0,41,41,26,0,,,36,,,28,,0,0,39,0,
,0,0,,,46,39,,44,38,44,0,1,41,,,,41,,,36,40,45,0,,0,,40,51,,47,44,0,0,0,,34,46,0,0,39,,,43,0,0,52,0,,,0,,0,0,41,41,26,37,,,36,,,28,,0,0,39,0,
,0,0,,,0,0,,44,38,44,0,,41,,,,41,,,36,40,45,0,,0,,40,51,,0,44,0,0,40,,0,46,0,0,39,,,43,0,0,52,0,,,0,,0,0,41,42,26,37,,,36,,,29,,0,0,39,0,
,0,0,,,0,40,,44,38,44,0,,41,,,,41,,,36,40,0,0,,0,,40,51,,0,44,0,0,40,,0,46,0,0,0,,,43,47,0,52,0,,,0,,0,0,41,42,26,37,,,0,,,29,,0,0,39,0,
,0,0,,,0,40,,44,38,44,0,,41,,,,41,,,0,40,0,0,,0,,40,51,,0,44,0,0,40,,0,46,0,0,40,,,43,47,0,52,,,,0,,0,0,41,42,26,0,,,0,,,29,,0,0,39,0,
,41,44,,,0,40,,45,38,45,0,,42,,,,0,,,37,40,46,0,,0,,0,51,,0,45,0,0,0,,0,46,0,0,40,,,44,47,0,0,,,,0,,0,0,41,42,26,0,,,0,,,29,,0,0,39,0,
,41,44,,,0,40,,45,0,45,0,,42,,,,0,,,37,0,46,0,,0,,41,0,,0,45,53,41,41,,0,46,0,0,40,,,45,47,0,0,,,,0,,0,0,0,42,0,1,,,37,,,29,,,0,39,0,
,41,0,,,0,40,,45,0,45,0,,42,,,,0,,,37,41,46,0,,0,,41,0,,0,45,53,41,41,,0,0,0,0,40,,,45,47,0,0,,,,0,,35,0,42,42,1,,,,37,,,29,,,0,0,0,
,41,,,,47,,,45,39,45,0,,42,,,,42,,,37,41,46,0,,0,,41,0,,0,45,53,41,41,,0,47,0,0,40,,,45,47,0,0,,,,49,,35,31,42,0,1,,,,37,,,0,,,0,0,0,
,41,,,,47,,,45,39,45,0,,42,,,,42,,,0,41,46,0,,0,,41,0,,0,0,53,41,0,,0,47,0,0,40,,,45,47,0,0,,,,49,,35,31,42,0,1,,,,37,,,0,,,0,0,0,
,41,,,,47,,,45,39,45,0,,42,,,,42,,,0,41,46,0,,0,,0,0,,0,0,53,41,0,,0,47,41,0,40,,,45,0,0,0,,,,49,,35,31,42,0,,,,,37,,,0,,,0,0,0,
,42,,,,47,,,45,39,0,0,,0,,,,42,,,0,41,46,0,,0,,0,0,,0,0,53,41,0,,0,47,41,49,0,,,46,48,0,0,,,,49,,35,0,42,0,,,,,37,,,0,,,0,0,0,
,42,,,,47,,,46,39,0,0,,0,,,,0,,,0,41,46,0,,0,,0,0,,0,0,53,0,0,,0,0,41,49,0,,,47,48,0,0,,,,0,,35,0,0,0,,,,,0,,,0,,,0,40,0,
,42,,,,47,,,46,39,0,0,,0,,,,,,,0,41,46,0,,0,,0,52,,0,0,54,0,0,,0,0,41,49,0,,,47,48,0,0,,,,0,,36,0,0,0,,,,,38,,,0,,,0,40,0,
,42,,,,47,,,46,0,46,0,,0,,,,,,,0,42,46,0,,0,,0,52,,0,1,54,0,42,,0,0,41,49,0,,,48,48,0,0,,,,0,,36,0,0,0,,,,,38,,,0,,,0,40,0,
,42,,,,47,,,46,0,46,0,,0,,,,,,,0,43,46,0,,0,,0,52,,0,1,54,0,42,,35,48,41,,0,,,48,48,0,0,,,,0,,1,0,0,0,,,,,38,,,,,,,40,0,
,42,,,,0,,,46,0,46,0,,0,,,,,,,0,43,46,0,,0,,0,52,,0,1,54,0,42,,35,48,41,,0,,,48,48,0,53,,,,0,,1,0,0,0,,,,,38,,,,,,,40,0,
,42,,,,48,,,47,40,46,0,,1,,,,,,,0,43,47,0,,0,,0,52,,0,1,54,0,42,,35,48,0,,0,,,48,0,0,53,,,,0,,,0,0,0,,,,,38,,,,,,,40,0,
,42,,,,48,,,47,40,46,0,,,,,,,,,0,43,47,0,,49,,0,52,,0,,54,0,0,,35,48,0,,41,,,48,0,0,53,,,,0,,,0,0,0,,,,,0,,,,,,,0,0,
,0,,,,48,,,47,40,47,0,,,,,,,,,0,43,47,0,,49,,0,52,,0,,0,0,0,,35,48,,,41,,,49,0,0,53,,,,0,,,0,0,0,,,,,0,,,,,,,0,0,
,0,,,,48,,,47,40,47,0,,,,,,,,,0,43,47,0,,49,,0,53,,0,,0,0,0,,35,0,,,41,,,49,0,0,53,,,,0,,,0,0,0,,,,,0,,,,,,,41,0,
,0,,,,48,,,47,40,47,0,,,,,,,,,0,44,47,0,,49,,0,53,,0,,0,42,0,,36,0,,,41,,,49,0,0,53,,,,0,,,32,0,0,,,,,0,,,,,,,41,0,
,0,,,,48,,,47,40,47,0,,,,,,,,,0,44,47,0,,49,,0,53,,0,,0,42,0,,36,0,,,41,,,49,0,0,54,,,,0,,,32,43,0,,,,,0,,,,,,,41,0,
,0,,,,0,,,48,0,0,0,,,,,,,,,0,0,47,0,,49,,0,53,,0,,0,42,0,,36,0,,,41,,,49,0,0,54,,,,0,,,32,43,0,,,,,0,,,,,,,41,0,
,0,,,,0,,,48,0,0,0,,,,,,,,,0,0,0,0,,50,,0,53,,0,,0,42,0,,36,0,,,41,,,49,0,0,54,,,,1,,,0,43,0,,,,,0,,,,,,,42,0,
,43,,,,0,,,48,0,48,0,,,,,,,,,0,0,0,0,,50,,0,53,,0,,0,43,0,,36,0,,,41,,,49,0,0,54,,,,1,,,0,43,0,,,,,39,,,,,,,42,0,
,43,,,,0,,,48,0,48,0,,,,,,,,,0,0,0,0,,50,,0,0,,0,,0,43,0,,36,0,,,0,,,0,0,0,54,,,,1,,,0,43,0,,,,,39,,,,,,,42,0,
,43,,,,0,,,48,0,48,0,,,,,,,,,0,0,0,0,,50,,0,0,,0,,0,43,0,,0,0,,,42,,,0,0,0,54,,,,1,,,33,43,0,,,,,39,,,,,,,42,0,
,43,,,,0,,,48,0,48,0,,,,,,,,,0,0,0,0,,50,,0,,,0,,0,43,0,,0,0,,,42,,,0,,0,0,,,,,,,33,43,0,,,,,39,,,,,,,42,0,
,43,,,,49,,,49,0,48,0,,,,,,,,,0,0,0,0,,0,,0,,,0,,0,43,43,,0,0,,,42,,,0,,0,0,,,,,,,33,43,0,,,,,39,,,,,,,42,33,
,0,,,,49,,,50,41,48,0,,,,,,,,,0,0,0,0,,0,,0,,,0,,0,43,43,,0,0,,,42,,,50,,0,0,,,,,,,33,1,0,,,,,39,,,,,,,0,33,
,0,,,,49,,,50,41,48,0,,,,,,,,,0,45,0,0,,0,,0,,,0,,0,0,43,,0,0,,,42,,,50,,0,0,,,,,,,33,1,0,,,,,40,,,,,,,0,33,
,0,,,,49,,,50,41,49,0,,,,,,,,,0,45,0,0,,0,,0,,,0,,0,0,43,,0,0,,,42,,,50,,0,0,,,,,,,33,,0,,,,,41,,,,,,,0,0,
,44,,,,49,,,50,41,49,0,,,,,,,,,0,45,0,0,,0,,0,,,0,,0,0,43,,0,0,,,42,,,50,,0,0,,,,,,,0,,0,,,,,41,,,,,,,0,1,
,44,,,,0,,,50,41,49,0,,,,,,,,,0,45,0,0,,0,,0,,,0,,0,0,43,,0,0,,,42,,,0,,0,0,,,,,,,34,,0,,,,,41,,,,,,,0,,
,44,,,,0,,,50,41,49,0,,,,,,,,,,45,0,0,,0,,0,,,0,,0,0,43,,0,0,,,42,,,0,,0,0,,,,,,,34,,0,,,,,41,,,,,,,0,,
,44,,,,0,,,0,1,49,0,,,,,,,,,,45,0,0,,0,,0,,,0,,0,0,43,,0,0,,,43,,,,,0,0,,,,,,,34,,0,,,,,41,,,,,,,43,,
,44,,,,0,,,0,,49,0,,,,,,,,,,0,0,0,,0,,0,,,0,,0,,44,,0,0,,,43,,,,,0,0,,,,,,,34,,0,,,,,41,,,,,,,43,,
,44,,,,0,,,0,,49,0,,,,,,,,,,0,0,0,,0,,0,,,0,,0,,44,,0,0,,,43,,,,,0,0,,,,,,,0,,0,,,,,0,,,,,,,43,,
,45,,,,0,,,0,,49,0,,,,,,,,,,46,0,0,,0,,0,,,0,,0,,44,,0,,,,43,,,,,0,0,,,,,,,35,,0,,,,,0,,,,,,,43,,
,45,,,,50,,,0,,50,0,,,,,,,,,,46,0,0,,,,0,,,48,,0,,44,,0,,,,43,,,,,0,0,,,,,,,35,,0,,,,,42,,,,,,,43,,
,45,,,,50,,,0,,50,0,,,,,,,,,,46,48,0,,,,0,,,48,,0,,44,,37,,,,43,,,,,0,0,,,,,,,35,,0,,,,,42,,,,,,,43,,
,45,,,,50,,,0,,50,0,,,,,,,,,,0,48,36,,,,0,,,48,,0,,44,,37,,,,0,,,,,46,0,,,,,,,35,,0,,,,,42,,,,,,,43,,
,45,,,,50,,,0,,50,0,,,,,,,,,,0,48,36,,,,0,,,48,,0,,44,,37,,,,0,,,,,46,0,,,,,,,,,0,,,,,42,,,,,,,43,,
,45,,,,50,,,0,,50,0,,,,,,,,,,0,48,36,,,,42,,,48,,0,,44,,37,,,,0,,,,,46,0,,,,,,,,,0,,,,,42,,,,,,,43,,
,0,,,,50,,,0,,50,46,,,,,,,,,,0,48,36,,,,42,,,48,,0,,0,,37,,,,0,,,,,46,0,,,,,,,,,0,,,,,43,,,,,,,0,,
,0,,,,0,,,0,,51,46,,,,,,,,,,0,48,36,,,,42,,,49,,0,,0,,37,,,,0,,,,,46,0,,,,,,,,,0,,,,,43,,,,,,,1,,
,0,,,,0,,,0,,51,46,,,,,,,,,,0,0,0,,,,42,,,49,,0,,0,,37,,,,0,,,,,46,0,,,,,,,,,0,,,,,43,,,,,,,1,,
,0,,,,51,,,0,,51,46,,,,,,,,,,0,49,0,,,,42,,,49,,0,,0,,0,,,,0,,,,,46,0,,,,,,,,,0,,,,,43,,,,,,,1,,
,0,,,,51,,,0,,1,46,,,,,,,,,,0,49,0,,,,42,,,49,,0,,45,,0,,,,0,,,,,47,0,,,,,,,,,0,,,,,43,,,,,,,1,,
,0,,,,51,,,0,,1,46,,,,,,,,,,0,49,0,,,,0,,,49,,0,,45,,0,,,,0,,,,,47,0,,,,,,,,,0,,,,,43,,,,,,,1,,
,0,,,,0,,,0,,,46,,,,,,,,,,47,49,0,,,,0,,,49,,0,,45,,0,,,,0,,,,,47,0,,,,,,,,,0,,,,,43,,,,,,,1,,
,0,,,,0,,,0,,,46,,,,,,,,,,47,49,0,,,,0,,,1,,0,,45,,0,,,,44,,,,,47,0,,,,,,,,,0,,,,,44,,,,,,,1,,
,0,,,,52,,,1,,,47,,,,,,,,,,47,0,0,,,,0,,,1,,0,,45,,0,,,,44,,,,,47,0,,,,,,,,,0,,,,,44,,,,,,,1,,
,0,,,,52,,,,,,47,,,,,,,,,,47,0,0,,,,0,,,,,0,,45,,0,,,,44,,,,,0,0,,,,,,,,,0,,,,,44,,,,,,,,,
,0,,,,0,,,,,,47,,,,,,,,,,47,0,0,,,,0,,,,,0,,0,,38,,,,44,,,,,0,0,,,,,,,,,0,,,,,44,,,,,,,,,
,0,,,,0,,,,,,47,,,,,,,,,,47,0,1,,,,0,,,,,0,,46,,38,,,,44,,,,,0,0,,,,,,,,,0,,,,,44,,,,,,,,,
,0,,,,0,,,,,,47,,,,,,,,,,47,0,1,,,,43,,,,,0,,46,,38,,,,0,,,,,0,0,,,,,,,,,0,,,,,44,,,,,,,,,
,0,,,,0,,,,,,47,,,,,,,,,,0,0,,,,,43,,,,,0,,46,,38,,,,0,,,,,0,0,,,,,,,,,0,,,,,45,,,,,,,,,
,0,,,,0,,,,,,47,,,,,,,,,,48,0,,,,,43,,,,,0,,46,,38,,,,0,,,,,0,0,,,,,,,,,0,,,,,45,,,,,,,,,
,0,,,,0,,,,,,0,,,,,,,,,,48,0,,,,,0,,,,,0,,46,,0,,,,0,,,,,48,0,,,,,,,,,0,,,,,45,,,,,,,,,
,0,,,,0,,,,,,0,,,,,,,,,,48,0,,,,,44,,,,,1,,46,,0,,,,0,,,,,48,0,,,,,,,,,0,,,,,0,,,,,,,,,
,0,,,,0,,,,,,0,,,,,,,,,,48,0,,,,,44,,,,,1,,46,,0,,,,0,,,,,48,0,,,,,,,,,0,,,,,,,,,,,,,,
,0,,,,0,,,,,,48,,,,,,,,,,48,0,,,,,44,,,,,1,,,,0,,,,0,,,,,48,0,,,,,,,,,0,,,,,,,,,,,,,,
,0,,,,0,,,,,,48,,,,,,,,,,0,50,,,,,44,,,,,1,,,,0,,,,0,,,,,48,1,,,,,,,,,0,,,,,,,,,,,,,,
,0,,,,0,,,,,,48,,,,,,,,,,0,50,,,,,0,,,,,,,,,0,,,,45,,,,,0,1,,,,,,,,,0,,,,,,,,,,,,,,
,0,,,,0,,,,,,48,,,,,,,,,,0,50,,,,,45,,,,,,,,,,,,,45,,,,,49,,,,,,,,,,0,,,,,,,,,,,,,,
,0,,,,0,,,,,,49,,,,,,,,,,0,50,,,,,45,,,,,,,,,,,,,45,,,,,49,,,,,,,,,,0,,,,,,,,,,,,,,
,0,,,,0,,,,,,49,,,,,,,,,,0,50,,,,,45,,,,,,,,,,,,,45,,,,,49,,,,,,,,,,0,,,,,,,,,,,,,,
,0,,,,1,,,,,,49,,,,,,,,,,0,50,,,,,46,,,,,,,,,,,,,45,,,,,49,,,,,,,,,,0,,,,,,,,,,,,,,
,0,,,,1,,,,,,49,,,,,,,,,,0,51,,,,,46,,,,,,,,,,,,,0,,,,,49,,,,,,,,,,0,,,,,,,,,,,,,,
,0,,,,1,,,,,,50,,,,,,,,,,0,51,,,,,46,,,,,,,,,,,,,0,,,,,,,,,,,,,,,0,,,,,,,,,,,,,,
,0,,,,1,,,,,,50,,,,,,,,,,0,51,,,,,46,,,,,,,,,,,,,0,,,,,,,,,,,,,,,0,,,,,,,,,,,,,,
,0,,,,1,,,,,,50,,,,,,,,,,0,51,,,,,46,,,,,,,,,,,,,0,,,,,,,,,,,,,,,0,,,,,,,,,,,,,,
,0,,,,1,,,,,,50,,,,,,,,,,0,51,,,,,46,,,,,,,,,,,,,0,,,,,,,,,,,,,,,43,,,,,,,,,,,,,,
,0,,,,,,,,,,0,,,,,,,,,,0,51,,,,,47,,,,,,,,,,,,,0,,,,,,,,,,,,,,,43,,,,,,,,,,,,,,
,0,,,,,,,,,,51,,,,,,,,,,0,52,,,,,48,,,,,,,,,,,,,0,,,,,,,,,,,,,,,43,,,,,,,,,,,,,,
,0,,,,,,,,,,51,,,,,,,,,,0,52,,,,,48,,,,,,,,,,,,,0,,,,,,,,,,,,,,,43,,,,,,,,,,,,,,
,0,,,,,,,,,,51,,,,,,,,,,0,52,,,,,48,,,,,,,,,,,,,0,,,,,,,,,,,,,,,43,,,,,,,,,,,,,,
,0,,,,,,,,,,52,,,,,,,,,,,0,,,,,48,,,,,,,,,,,,,0,,,,,,,,,,,,,,,0,,,,,,,,,,,,,,
,0,,,,,,,,,,52,,,,,,,,,,,0,,,,,48,,,,,,,,,,,,,0,,,,,,,,,,,,,,,44,,,,,,,,,,,,,,
,0,,,,,,,,,,52,,,,,,,,,,,0,,,,,49,,,,,,,,,,,,,0,,,,,,,,,,,,,,,44,,,,,,,,,,,,,,
,0,,,,,,,,,,52,,,,,,,,,,,0,,,,,49,,,,,,,,,,,,,0,,,,,,,,,,,,,,,44,,,,,,,,,,,,,,
,0,,,,,,,,,,52,,,,,,,,,,,0,,,,,49,,,,,,,,,,,,,0,,,,,,,,,,,,,,,44,,,,,,,,,,,,,,
,0,,,,,,,,,,52,,,,,,,,,,,0,,,,,49,,,,,,,,,,,,,0,,,,,,,,,,,,,,,44,,,,,,,,,,,,,,
,46,,,,,,,,,,53,,,,,,,,,,,53,,,,,0,,,,,,,,,,,,,0,,,,,,,,,,,,,,,44,,,,,,,,,,,,,,
,46,,,,,,,,,,53,,,,,,,,,,,53,,,,,0,,,,,,,,,,,,,0,,,,,,,,,,,,,,,0,,,,,,,,,,,,,,
,46,,,,,,,,,,53,,,,,,,,,,,53,,,,,0,,,,,,,,,,,,,46,,,,,,,,,,,,,,,0,,,,,,,,,,,,,,
,46,,,,,,,,,,53,,,,,,,,,,,53,,,,,0,,,,,,,,,,,,,46,,,,,,,,,,,,,,,45,,,,,,,,,,,,,,
,,,,,,,,,,,53,,,,,,,,,,,53,,,,,0,,,,,,,,,,,,,46,,,,,,,,,,,,,,,45,,,,,,,,,,,,,,
,,,,,,,,,,,53,,,,,,,,,,,53,,,,,0,,,,,,,,,,,,,46,,,,,,,,,,,,,,,0,,,,,,,,,,,,,,
,,,,,,,,,,,53,,,,,,,,,,,53,,,,,0,,,,,,,,,,,,,46,,,,,,,,,,,,,,,,,,,,,,,,,,,,,
,,,,,,,,,,,54,,,,,,,,,,,1,,,,,0,,,,,,,,,,,,,46,,,,,,,,,,,,,,,,,,,,,,,,,,,,,
,,,,,,,,,,,54,,,,,,,,,,,1,,,,,0,,,,,,,,,,,,,46,,,,,,,,,,,,,,,,,,,,,,,,,,,,,
,,,,,,,,,,,54,,,,,,,,,,,,,,,,0,,,,,,,,,,,,,0,,,,,,,,,,,,,,,,,,,,,,,,,,,,,
,,,,,,,,,,,54,,,,,,,,,,,,,,,,0,,,,,,,,,,,,,0,,,,,,,,,,,,,,,,,,,,,,,,,,,,,
,,,,,,,,,,,54,,,,,,,,,,,,,,,,0,,,,,,,,,,,,,0,,,,,,,,,,,,,,,,,,,,,,,,,,,,,
,,,,,,,,,,,54,,,,,,,,,,,,,,,,0,,,,,,,,,,,,,0,,,,,,,,,,,,,,,,,,,,,,,,,,,,,
,,,,,,,,,,,54,,,,,,,,,,,,,,,,0,,,,,,,,,,,,,0,,,,,,,,,,,,,,,,,,,,,,,,,,,,,
,,,,,,,,,,,0,,,,,,,,,,,,,,,,0,,,,,,,,,,,,,0,,,,,,,,,,,,,,,,,,,,,,,,,,,,,
,,,,,,,,,,,0,,,,,,,,,,,,,,,,0,,,,,,,,,,,,,47,,,,,,,,,,,,,,,,,,,,,,,,,,,,,
,,,,,,,,,,,0,,,,,,,,,,,,,,,,0,,,,,,,,,,,,,47,,,,,,,,,,,,,,,,,,,,,,,,,,,,,
,,,,,,,,,,,0,,,,,,,,,,,,,,,,0,,,,,,,,,,,,,47,,,,,,,,,,,,,,,,,,,,,,,,,,,,,
,,,,,,,,,,,0,,,,,,,,,,,,,,,,0,,,,,,,,,,,,,47,,,,,,,,,,,,,,,,,,,,,,,,,,,,,
,,,,,,,,,,,0,,,,,,,,,,,,,,,,,,,,,,,,,,,,,47,,,,,,,,,,,,,,,,,,,,,,,,,,,,,
,,,,,,,,,,,0,,,,,,,,,,,,,,,,,,,,,,,,,,,,,,,,,,,,,,,,,,,,,,,,,,,,,,,,,,
,,,,,,,,,,,0,,,,,,,,,,,,,,,,,,,,,,,,,,,,,,,,,,,,,,,,,,,,,,,,,,,,,,,,,,
,,,,,,,,,,,0,,,,,,,,,,,,,,,,,,,,,,,,,,,,,,,,,,,,,,,,,,,,,,,,,,,,,,,,,,
,,,,,,,,,,,0,,,,,,,,,,,,,,,,,,,,,,,,,,,,,,,,,,,,,,,,,,,,,,,,,,,,,,,,,,
,,,,,,,,,,,0,,,,,,,,,,,,,,,,,,,,,,,,,,,,,,,,,,,,,,,,,,,,,,,,,,,,,,,,,,
,,,,,,,,,,,0,,,,,,,,,,,,,,,,,,,,,,,,,,,,,,,,,,,,,,,,,,,,,,,,,,,,,,,,,,
,,,,,,,,,,,0,,,,,,,,,,,,,,,,,,,,,,,,,,,,,,,,,,,,,,,,,,,,,,,,,,,,,,,,,,
,,,,,,,,,,,0,,,,,,,,,,,,,,,,,,,,,,,,,,,,,,,,,,,,,,,,,,,,,,,,,,,,,,,,,,
,,,,,,,,,,,0,,,,,,,,,,,,,,,,,,,,,,,,,,,,,,,,,,,,,,,,,,,,,,,,,,,,,,,,,,
,,,,,,,,,,,0,,,,,,,,,,,,,,,,,,,,,,,,,,,,,,,,,,,,,,,,,,,,,,,,,,,,,,,,,,
,,,,,,,,,,,0,,,,,,,,,,,,,,,,,,,,,,,,,,,,,,,,,,,,,,,,,,,,,,,,,,,,,,,,,,
,,,,,,,,,,,0,,,,,,,,,,,,,,,,,,,,,,,,,,,,,,,,,,,,,,,,,,,,,,,,,,,,,,,,,,
,,,,,,,,,,,0,,,,,,,,,,,,,,,,,,,,,,,,,,,,,,,,,,,,,,,,,,,,,,,,,,,,,,,,,,
,,,,,,,,,,,0,,,,,,,,,,,,,,,,,,,,,,,,,,,,,,,,,,,,,,,,,,,,,,,,,,,,,,,,,,
,,,,,,,,,,,0,,,,,,,,,,,,,,,,,,,,,,,,,,,,,,,,,,,,,,,,,,,,,,,,,,,,,,,,,,
,,,,,,,,,,,1,,,,,,,,,,,,,,,,,,,,,,,,,,,,,,,,,,,,,,,,,,,,,,,,,,,,,,,,,,
,,,,,,,,,,,1,,,,,,,,,,,,,,,,,,,,,,,,,,,,,,,,,,,,,,,,,,,,,,,,,,,,,,,,,,
,,,,,,,,,,,1,,,,,,,,,,,,,,,,,,,,,,,,,,,,,,,,,,,,,,,,,,,,,,,,,,,,,,,,,,
,,,,,,,,,,,1,,,,,,,,,,,,,,,,,,,,,,,,,,,,,,,,,,,,,,,,,,,,,,,,,,,,,,,,,,
,,,,,,,,,,,1,,,,,,,,,,,,,,,,,,,,,,,,,,,,,,,,,,,,,,,,,,,,,,,,,,,,,,,,,,
,,,,,,,,,,,1,,,,,,,,,,,,,,,,,,,,,,,,,,,,,,,,,,,,,,,,,,,,,,,,,,,,,,,,,,
,,,,,,,,,,,,,,,,,,,,,,,,,,,,,,,,,,,,,,,,,,,,,,,,,,,,,,,,,,,,,,,,,,,,,
